ID,Entity,Label
1,Large Hadron Collider,FACILITY
1,p-Pb collisions,COLLISION
1,D0 experiment,EXPERIMENT
1,13.6 TeV,ENERGY
1,proton,PARTICLE
1,BaBar,DETECTOR
1,D0,DETECTOR
2,heavy-ion collisions,COLLISION
2,KLOE-2 experiment,EXPERIMENT
2,stop squark,PARTICLE
2,KLOE-2,DETECTOR
2,13 TeV,ENERGY
2,NA62,DETECTOR
2,SPS,FACILITY
3,electron-positron collisions,COLLISION
3,TOTEM experiment,EXPERIMENT
3,muon neutrino,PARTICLE
3,neutralino,PARTICLE
3,neutrino,PARTICLE
3,electron,PARTICLE
3,positron,PARTICLE
3,10.6 TeV,ENERGY
3,MoEDAL,DETECTOR
3,TOTEM,DETECTOR
3,muon,PARTICLE
3,SPS,FACILITY
4,FASER experiment,EXPERIMENT
4,p-Pb collisions,COLLISION
4,neutrino,PARTICLE
4,1.96 TeV,ENERGY
4,MoEDAL,DETECTOR
4,FASER,DETECTOR
4,HERA,FACILITY
5,COMPASS experiment,EXPERIMENT
5,pp collisions,COLLISION
5,charm quark,PARTICLE
5,COMPASS,DETECTOR
5,TOTEM,DETECTOR
5,8 TeV,ENERGY
5,SPS,FACILITY
6,ion-ion collisions,COLLISION
6,ALICE experiment,EXPERIMENT
6,strange quark,PARTICLE
6,HERA-B,DETECTOR
6,14 TeV,ENERGY
6,ALICE,DETECTOR
6,RHIC,FACILITY
6,HERA,FACILITY
7,proton-antiproton collisions,COLLISION
7,ion-ion collisions,COLLISION
7,NA62 experiment,EXPERIMENT
7,antiproton,PARTICLE
7,positron,PARTICLE
7,2.76 TeV,ENERGY
7,proton,PARTICLE
7,LHCb,DETECTOR
7,NA62,DETECTOR
7,DESY,FACILITY
7,LHC,FACILITY
8,electron-positron collisions,COLLISION
8,SND@LHC experiment,EXPERIMENT
8,Pb-Pb collisions,COLLISION
8,MicroBooNE,DETECTOR
8,SuperKEKB,FACILITY
8,electron,PARTICLE
8,positron,PARTICLE
8,2.76 TeV,ENERGY
8,SND@LHC,DETECTOR
8,gluon,PARTICLE
8,KEK,FACILITY
8,LHC,FACILITY
9,heavy-ion collisions,COLLISION
9,LHCf experiment,EXPERIMENT
9,100 TeV,ENERGY
9,proton,PARTICLE
9,ALICE,DETECTOR
9,LHCf,DETECTOR
9,HERA,FACILITY
9,LHC,FACILITY
10,BaBar experiment,EXPERIMENT
10,Xe-Xe collisions,COLLISION
10,SuperKEKB,FACILITY
10,10.6 TeV,ENERGY
10,gluon,PARTICLE
10,BaBar,DETECTOR
10,NA62,DETECTOR
10,KEK,FACILITY
11,Brookhaven National Laboratory,FACILITY
11,proton-proton collisions,COLLISION
11,KLOE-2 experiment,EXPERIMENT
11,tau lepton,PARTICLE
11,6.5 TeV,ENERGY
11,proton,PARTICLE
11,KLOE-2,DETECTOR
11,ATLAS,DETECTOR
11,7 TeV,ENERGY
12,electron-positron collisions,COLLISION
12,KLOE-2 experiment,EXPERIMENT
12,Xi baryon,PARTICLE
12,electron,PARTICLE
12,positron,PARTICLE
12,6.5 TeV,ENERGY
12,KLOE-2,DETECTOR
12,LHC,FACILITY
13,proton-proton collisions,COLLISION
13,ALICE experiment,EXPERIMENT
13,antiproton,PARTICLE
13,1.96 TeV,ENERGY
13,SND@LHC,DETECTOR
13,proton,PARTICLE
13,ALICE,DETECTOR
13,LHC,FACILITY
14,proton-proton collisions,COLLISION
14,Large Hadron Collider,FACILITY
14,ATLAS experiment,EXPERIMENT
14,antiproton,PARTICLE
14,MicroBooNE,DETECTOR
14,Xi baryon,PARTICLE
14,10.6 TeV,ENERGY
14,proton,PARTICLE
14,ATLAS,DETECTOR
15,ion-ion collisions,COLLISION
15,BaBar experiment,EXPERIMENT
15,Lambda baryon,PARTICLE
15,MicroBooNE,DETECTOR
15,100 TeV,ENERGY
15,BaBar,DETECTOR
15,kaon,PARTICLE
15,DESY,FACILITY
16,proton-proton collisions,COLLISION
16,TOTEM experiment,EXPERIMENT
16,Tevatron,FACILITY
16,W boson,PARTICLE
16,200 GeV,ENERGY
16,proton,PARTICLE
16,KLOE-2,DETECTOR
16,TOTEM,DETECTOR
17,nucleus-nucleus collisions,COLLISION
17,KLOE-2 experiment,EXPERIMENT
17,neutrino,PARTICLE
17,HERA-B,DETECTOR
17,KLOE-2,DETECTOR
17,7 TeV,ENERGY
17,HERA,FACILITY
17,LEP,FACILITY
18,proton-proton collisions,COLLISION
18,MicroBooNE experiment,EXPERIMENT
18,MicroBooNE,DETECTOR
18,electron,PARTICLE
18,900 GeV,ENERGY
18,proton,PARTICLE
18,T2K,DETECTOR
18,KEK,FACILITY
19,SND@LHC experiment,EXPERIMENT
19,pp collisions,COLLISION
19,W boson,PARTICLE
19,SND@LHC,DETECTOR
19,100 TeV,ENERGY
19,FASER,DETECTOR
19,kaon,PARTICLE
19,RHIC,FACILITY
19,LHC,FACILITY
20,Brookhaven National Laboratory,FACILITY
20,proton-antiproton collisions,COLLISION
20,MoEDAL experiment,EXPERIMENT
20,strange quark,PARTICLE
20,antiproton,PARTICLE
20,SND@LHC,DETECTOR
20,proton,PARTICLE
20,MoEDAL,DETECTOR
20,8 TeV,ENERGY
20,LHC,FACILITY
21,ion-ion collisions,COLLISION
21,NA62 experiment,EXPERIMENT
21,charm quark,PARTICLE
21,Tevatron,FACILITY
21,COMPASS,DETECTOR
21,8 TeV,ENERGY
21,NA62,DETECTOR
22,BaBar experiment,EXPERIMENT
22,Xe-Xe collisions,COLLISION
22,strange quark,PARTICLE
22,14 TeV,ENERGY
22,ATLAS,DETECTOR
22,BaBar,DETECTOR
22,KEK,FACILITY
23,Pb-Pb collisions,COLLISION
23,T2K experiment,EXPERIMENT
23,SuperKEKB,FACILITY
23,6.5 TeV,ENERGY
23,kaon,PARTICLE
23,T2K,DETECTOR
23,KEK,FACILITY
23,D0,DETECTOR
24,Brookhaven National Laboratory,FACILITY
24,Au-Au collisions,COLLISION
24,Lambda baryon,PARTICLE
24,D0 experiment,EXPERIMENT
24,5.02 TeV,ENERGY
24,ATLAS,DETECTOR
24,D0,DETECTOR
25,COMPASS experiment,EXPERIMENT
25,p-Pb collisions,COLLISION
25,dark matter,PARTICLE
25,10.6 TeV,ENERGY
25,COMPASS,DETECTOR
25,LHCf,DETECTOR
25,DESY,FACILITY
25,LHC,FACILITY
26,heavy-ion collisions,COLLISION
26,SND@LHC experiment,EXPERIMENT
26,electron neutrino,PARTICLE
26,neutrino,PARTICLE
26,electron,PARTICLE
26,1.96 TeV,ENERGY
26,SND@LHC,DETECTOR
26,HERA-B,DETECTOR
26,RHIC,FACILITY
26,HERA,FACILITY
26,LHC,FACILITY
27,proton-antiproton collisions,COLLISION
27,CDF experiment,EXPERIMENT
27,dark matter,PARTICLE
27,antiproton,PARTICLE
27,200 GeV,ENERGY
27,proton,PARTICLE
27,LHCb,DETECTOR
27,CDF,DETECTOR
27,SPS,FACILITY
27,LHC,FACILITY
28,SLAC National Accelerator Laboratory,FACILITY
28,BaBar experiment,EXPERIMENT
28,Xe-Xe collisions,COLLISION
28,muon neutrino,PARTICLE
28,antiproton,PARTICLE
28,neutrino,PARTICLE
28,200 GeV,ENERGY
28,proton,PARTICLE
28,BaBar,DETECTOR
28,muon,PARTICLE
28,CMS,DETECTOR
29,heavy-ion collisions,COLLISION
29,BaBar experiment,EXPERIMENT
29,dark matter,PARTICLE
29,Tevatron,FACILITY
29,3.5 TeV,ENERGY
29,TOTEM,DETECTOR
29,BaBar,DETECTOR
30,electron-positron collisions,COLLISION
30,Jefferson Laboratory,FACILITY
30,NOvA experiment,EXPERIMENT
30,electron,PARTICLE
30,positron,PARTICLE
30,14 TeV,ENERGY
30,gluon,PARTICLE
30,BaBar,DETECTOR
30,NOvA,DETECTOR
31,ALICE experiment,EXPERIMENT
31,Pb-Pb collisions,COLLISION
31,Lambda baryon,PARTICLE
31,COMPASS,DETECTOR
31,6.5 TeV,ENERGY
31,ALICE,DETECTOR
31,LEP,FACILITY
32,ion-ion collisions,COLLISION
32,FASER experiment,EXPERIMENT
32,Au-Au collisions,COLLISION
32,FASER,DETECTOR
32,8 TeV,ENERGY
32,kaon,PARTICLE
32,LHCf,DETECTOR
32,LEP,FACILITY
32,LHC,FACILITY
33,electron-positron collisions,COLLISION
33,TOTEM experiment,EXPERIMENT
33,Pb-Pb collisions,COLLISION
33,strange quark,PARTICLE
33,electron,PARTICLE
33,positron,PARTICLE
33,1.96 TeV,ENERGY
33,TOTEM,DETECTOR
33,NA62,DETECTOR
33,DESY,FACILITY
34,SLAC National Accelerator Laboratory,FACILITY
34,Au-Au collisions,COLLISION
34,D0 experiment,EXPERIMENT
34,chargino,PARTICLE
34,13 TeV,ENERGY
34,BaBar,DETECTOR
34,D0,DETECTOR
35,MicroBooNE experiment,EXPERIMENT
35,Pb-Pb collisions,COLLISION
35,MicroBooNE,DETECTOR
35,13.6 TeV,ENERGY
35,W boson,PARTICLE
35,BaBar,DETECTOR
35,SPS,FACILITY
36,electron-positron collisions,COLLISION
36,electron neutrino,PARTICLE
36,NOvA experiment,EXPERIMENT
36,neutrino,PARTICLE
36,electron,PARTICLE
36,positron,PARTICLE
36,2.76 TeV,ENERGY
36,SND@LHC,DETECTOR
36,900 GeV,ENERGY
36,NOvA,DETECTOR
36,LHC,FACILITY
37,electron-positron collisions,COLLISION
37,CMS experiment,EXPERIMENT
37,electron,PARTICLE
37,positron,PARTICLE
37,5.02 TeV,ENERGY
37,muon,PARTICLE
37,RHIC,FACILITY
37,CMS,DETECTOR
38,nucleus-nucleus collisions,COLLISION
38,NA62 experiment,EXPERIMENT
38,13.6 TeV,ENERGY
38,W boson,PARTICLE
38,LHCb,DETECTOR
38,NA62,DETECTOR
38,LHC,FACILITY
39,heavy-ion collisions,COLLISION
39,ALICE experiment,EXPERIMENT
39,muon neutrino,PARTICLE
39,neutrino,PARTICLE
39,100 TeV,ENERGY
39,ALICE,DETECTOR
39,FASER,DETECTOR
39,muon,PARTICLE
39,kaon,PARTICLE
39,LHC,FACILITY
40,deep-inelastic scattering,COLLISION
40,D0 experiment,EXPERIMENT
40,J/psi meson,PARTICLE
40,COMPASS,DETECTOR
40,photon,PARTICLE
40,14 TeV,ENERGY
40,LEP,FACILITY
40,D0,DETECTOR
41,MicroBooNE experiment,EXPERIMENT
41,heavy-ion collisions,COLLISION
41,MicroBooNE,DETECTOR
41,SND@LHC,DETECTOR
41,8 TeV,ENERGY
41,kaon,PARTICLE
41,HERA,FACILITY
41,LHC,FACILITY
42,Belle II experiment,EXPERIMENT
42,p-Pb collisions,COLLISION
42,Belle II,DETECTOR
42,6.5 TeV,ENERGY
42,photon,PARTICLE
42,MoEDAL,DETECTOR
42,KEK,FACILITY
43,Au-Au collisions,COLLISION
43,LHCf experiment,EXPERIMENT
43,Omega baryon,PARTICLE
43,6.5 TeV,ENERGY
43,LHCf,DETECTOR
43,CMS,DETECTOR
43,LEP,FACILITY
43,LHC,FACILITY
44,SLAC National Accelerator Laboratory,FACILITY
44,deep-inelastic scattering,COLLISION
44,Belle II experiment,EXPERIMENT
44,dark matter,PARTICLE
44,Belle II,DETECTOR
44,Z boson,PARTICLE
44,900 GeV,ENERGY
44,MoEDAL,DETECTOR
45,Brookhaven National Laboratory,FACILITY
45,heavy-ion collisions,COLLISION
45,MoEDAL experiment,EXPERIMENT
45,tau neutrino,PARTICLE
45,neutrino,PARTICLE
45,3.5 TeV,ENERGY
45,MoEDAL,DETECTOR
45,FASER,DETECTOR
46,ion-ion collisions,COLLISION
46,LHCf experiment,EXPERIMENT
46,charm quark,PARTICLE
46,3.5 TeV,ENERGY
46,LHCb,DETECTOR
46,LHCf,DETECTOR
46,HERA,FACILITY
46,LHC,FACILITY
47,KLOE-2 experiment,EXPERIMENT
47,Xe-Xe collisions,COLLISION
47,electron,PARTICLE
47,900 GeV,ENERGY
47,KLOE-2,DETECTOR
47,ALICE,DETECTOR
47,LEP,FACILITY
48,SLAC National Accelerator Laboratory,FACILITY
48,KLOE-2 experiment,EXPERIMENT
48,Au-Au collisions,COLLISION
48,chargino,PARTICLE
48,COMPASS,DETECTOR
48,0.9 TeV,ENERGY
48,KLOE-2,DETECTOR
49,Large Hadron Collider,FACILITY
49,ATLAS experiment,EXPERIMENT
49,Pb-Pb collisions,COLLISION
49,W boson,PARTICLE
49,200 GeV,ENERGY
49,ATLAS,DETECTOR
49,TOTEM,DETECTOR
50,ion-ion collisions,COLLISION
50,KLOE-2 experiment,EXPERIMENT
50,5.02 TeV,ENERGY
50,MoEDAL,DETECTOR
50,KLOE-2,DETECTOR
50,gluon,PARTICLE
50,LHC,FACILITY
51,proton-antiproton collisions,COLLISION
51,KLOE-2 experiment,EXPERIMENT
51,muon neutrino,PARTICLE
51,antiproton,PARTICLE
51,neutrino,PARTICLE
51,900 GeV,ENERGY
51,proton,PARTICLE
51,KLOE-2,DETECTOR
51,muon,PARTICLE
51,T2K,DETECTOR
51,SPS,FACILITY
52,SLAC National Accelerator Laboratory,FACILITY
52,proton-proton collisions,COLLISION
52,CDF experiment,EXPERIMENT
52,J/psi meson,PARTICLE
52,proton,PARTICLE
52,7 TeV,ENERGY
52,CDF,DETECTOR
52,T2K,DETECTOR
53,Pb-Pb collisions,COLLISION
53,LHCf experiment,EXPERIMENT
53,neutrino,PARTICLE
53,positron,PARTICLE
53,13.6 TeV,ENERGY
53,HERA-B,DETECTOR
53,LHCf,DETECTOR
53,HERA,FACILITY
53,LEP,FACILITY
53,LHC,FACILITY
54,Au-Au collisions,COLLISION
54,NOvA experiment,EXPERIMENT
54,neutrino,PARTICLE
54,SND@LHC,DETECTOR
54,7 TeV,ENERGY
54,NOvA,DETECTOR
54,HERA,FACILITY
54,LHC,FACILITY
55,ion-ion collisions,COLLISION
55,LHCf experiment,EXPERIMENT
55,stop squark,PARTICLE
55,900 GeV,ENERGY
55,LHCf,DETECTOR
55,T2K,DETECTOR
55,LHC,FACILITY
56,proton-antiproton collisions,COLLISION
56,FASER experiment,EXPERIMENT
56,antiproton,PARTICLE
56,Tevatron,FACILITY
56,W boson,PARTICLE
56,200 GeV,ENERGY
56,proton,PARTICLE
56,FASER,DETECTOR
56,CMS,DETECTOR
57,Au-Au collisions,COLLISION
57,LHCb experiment,EXPERIMENT
57,pp collisions,COLLISION
57,Tevatron,FACILITY
57,D meson,PARTICLE
57,900 GeV,ENERGY
57,TOTEM,DETECTOR
57,LHCb,DETECTOR
57,LHC,FACILITY
58,proton-proton collisions,COLLISION
58,KLOE-2 experiment,EXPERIMENT
58,p-Pb collisions,COLLISION
58,positron,PARTICLE
58,proton,PARTICLE
58,KLOE-2,DETECTOR
58,8 TeV,ENERGY
58,NOvA,DETECTOR
58,LEP,FACILITY
59,electron-positron collisions,COLLISION
59,electron neutrino,PARTICLE
59,FASER experiment,EXPERIMENT
59,neutrino,PARTICLE
59,electron,PARTICLE
59,positron,PARTICLE
59,100 TeV,ENERGY
59,FASER,DETECTOR
59,BaBar,DETECTOR
59,RHIC,FACILITY
60,Jefferson Laboratory,FACILITY
60,LHCb experiment,EXPERIMENT
60,pp collisions,COLLISION
60,neutrino,PARTICLE
60,13.6 TeV,ENERGY
60,LHCb,DETECTOR
60,CDF,DETECTOR
60,LHC,FACILITY
61,nucleus-nucleus collisions,COLLISION
61,Belle II experiment,EXPERIMENT
61,dark matter,PARTICLE
61,Belle II,DETECTOR
61,1.96 TeV,ENERGY
61,100 TeV,ENERGY
61,ALICE,DETECTOR
61,HERA,FACILITY
62,deep-inelastic scattering,COLLISION
62,Large Hadron Collider,FACILITY
62,BaBar experiment,EXPERIMENT
62,tau lepton,PARTICLE
62,HERA-B,DETECTOR
62,BaBar,DETECTOR
62,7 TeV,ENERGY
62,HERA,FACILITY
63,Xe-Xe collisions,COLLISION
63,T2K experiment,EXPERIMENT
63,stop squark,PARTICLE
63,Tevatron,FACILITY
63,14 TeV,ENERGY
63,TOTEM,DETECTOR
63,T2K,DETECTOR
64,MicroBooNE experiment,EXPERIMENT
64,Au-Au collisions,COLLISION
64,strange quark,PARTICLE
64,MicroBooNE,DETECTOR
64,SuperKEKB,FACILITY
64,8 TeV,ENERGY
64,pion,PARTICLE
64,CMS,DETECTOR
64,KEK,FACILITY
65,Brookhaven National Laboratory,FACILITY
65,nucleus-nucleus collisions,COLLISION
65,ALICE experiment,EXPERIMENT
65,tau neutrino,PARTICLE
65,Xi baryon,PARTICLE
65,neutrino,PARTICLE
65,2.76 TeV,ENERGY
65,ALICE,DETECTOR
65,BaBar,DETECTOR
66,nucleus-nucleus collisions,COLLISION
66,D0 experiment,EXPERIMENT
66,tau lepton,PARTICLE
66,6.5 TeV,ENERGY
66,FASER,DETECTOR
66,LHC,FACILITY
66,D0,DETECTOR
67,nucleus-nucleus collisions,COLLISION
67,Large Hadron Collider,FACILITY
67,BaBar experiment,EXPERIMENT
67,neutrino,PARTICLE
67,2.76 TeV,ENERGY
67,BaBar,DETECTOR
67,CDF,DETECTOR
68,SLAC National Accelerator Laboratory,FACILITY
68,proton-antiproton collisions,COLLISION
68,NA62 experiment,EXPERIMENT
68,antiproton,PARTICLE
68,Xi baryon,PARTICLE
68,SND@LHC,DETECTOR
68,100 TeV,ENERGY
68,proton,PARTICLE
68,NA62,DETECTOR
68,LHC,FACILITY
69,NOvA experiment,EXPERIMENT
69,p-Pb collisions,COLLISION
69,bottom quark,PARTICLE
69,10.6 TeV,ENERGY
69,MoEDAL,DETECTOR
69,kaon,PARTICLE
69,NOvA,DETECTOR
69,RHIC,FACILITY
70,ion-ion collisions,COLLISION
70,ALICE experiment,EXPERIMENT
70,muon neutrino,PARTICLE
70,neutrino,PARTICLE
70,1.96 TeV,ENERGY
70,ALICE,DETECTOR
70,muon,PARTICLE
70,CERN,FACILITY
70,CDF,DETECTOR
71,ALICE experiment,EXPERIMENT
71,Xe-Xe collisions,COLLISION
71,strange quark,PARTICLE
71,10.6 TeV,ENERGY
71,KLOE-2,DETECTOR
71,ALICE,DETECTOR
71,RHIC,FACILITY
72,CMS experiment,EXPERIMENT
72,pp collisions,COLLISION
72,stop squark,PARTICLE
72,Belle II,DETECTOR
72,0.9 TeV,ENERGY
72,DESY,FACILITY
72,CMS,DETECTOR
73,Brookhaven National Laboratory,FACILITY
73,heavy-ion collisions,COLLISION
73,KLOE-2 experiment,EXPERIMENT
73,MicroBooNE,DETECTOR
73,3.5 TeV,ENERGY
73,photon,PARTICLE
73,KLOE-2,DETECTOR
74,ion-ion collisions,COLLISION
74,ATLAS experiment,EXPERIMENT
74,charm quark,PARTICLE
74,3.5 TeV,ENERGY
74,ATLAS,DETECTOR
74,LHCb,DETECTOR
74,CERN,FACILITY
74,LHC,FACILITY
75,deep-inelastic scattering,COLLISION
75,Jefferson Laboratory,FACILITY
75,D0 experiment,EXPERIMENT
75,antiproton,PARTICLE
75,proton,PARTICLE
75,KLOE-2,DETECTOR
75,7 TeV,ENERGY
75,D0,DETECTOR
76,ALICE experiment,EXPERIMENT
76,Au-Au collisions,COLLISION
76,B meson,PARTICLE
76,100 TeV,ENERGY
76,HERA-B,DETECTOR
76,ALICE,DETECTOR
76,HERA,FACILITY
76,LEP,FACILITY
77,proton-antiproton collisions,COLLISION
77,electron neutrino,PARTICLE
77,NOvA experiment,EXPERIMENT
77,antiproton,PARTICLE
77,neutrino,PARTICLE
77,electron,PARTICLE
77,Tevatron,FACILITY
77,900 GeV,ENERGY
77,proton,PARTICLE
77,NOvA,DETECTOR
77,T2K,DETECTOR
78,Xe-Xe collisions,COLLISION
78,T2K experiment,EXPERIMENT
78,Lambda baryon,PARTICLE
78,1.96 TeV,ENERGY
78,W boson,PARTICLE
78,LHCb,DETECTOR
78,T2K,DETECTOR
78,KEK,FACILITY
78,LHC,FACILITY
79,D0 experiment,EXPERIMENT
79,pp collisions,COLLISION
79,charm quark,PARTICLE
79,13 TeV,ENERGY
79,NOvA,DETECTOR
79,LHC,FACILITY
79,D0,DETECTOR
80,electron-positron collisions,COLLISION
80,LHCf experiment,EXPERIMENT
80,electron,PARTICLE
80,positron,PARTICLE
80,3.5 TeV,ENERGY
80,photon,PARTICLE
80,LHCf,DETECTOR
80,CDF,DETECTOR
80,LEP,FACILITY
80,LHC,FACILITY
81,nucleus-nucleus collisions,COLLISION
81,COMPASS experiment,EXPERIMENT
81,COMPASS,DETECTOR
81,0.9 TeV,ENERGY
81,MoEDAL,DETECTOR
81,muon,PARTICLE
81,CERN,FACILITY
82,proton-antiproton collisions,COLLISION
82,heavy-ion collisions,COLLISION
82,T2K experiment,EXPERIMENT
82,antiproton,PARTICLE
82,100 TeV,ENERGY
82,proton,PARTICLE
82,muon,PARTICLE
82,LHCf,DETECTOR
82,DESY,FACILITY
82,T2K,DETECTOR
82,LHC,FACILITY
83,proton-antiproton collisions,COLLISION
83,deep-inelastic scattering,COLLISION
83,LHCf experiment,EXPERIMENT
83,antiproton,PARTICLE
83,900 GeV,ENERGY
83,proton,PARTICLE
83,HERA-B,DETECTOR
83,LHCf,DETECTOR
83,RHIC,FACILITY
83,HERA,FACILITY
83,LHC,FACILITY
84,BaBar experiment,EXPERIMENT
84,pp collisions,COLLISION
84,Omega baryon,PARTICLE
84,10.6 TeV,ENERGY
84,TOTEM,DETECTOR
84,BaBar,DETECTOR
84,CERN,FACILITY
85,Pb-Pb collisions,COLLISION
85,T2K experiment,EXPERIMENT
85,Omega baryon,PARTICLE
85,14 TeV,ENERGY
85,LHCb,DETECTOR
85,CERN,FACILITY
85,T2K,DETECTOR
85,LHC,FACILITY
86,nucleus-nucleus collisions,COLLISION
86,electron neutrino,PARTICLE
86,TOTEM experiment,EXPERIMENT
86,neutrino,PARTICLE
86,electron,PARTICLE
86,1.96 TeV,ENERGY
86,10.6 TeV,ENERGY
86,TOTEM,DETECTOR
86,BaBar,DETECTOR
86,SPS,FACILITY
87,electron-positron collisions,COLLISION
87,T2K experiment,EXPERIMENT
87,antiproton,PARTICLE
87,electron,PARTICLE
87,positron,PARTICLE
87,1.96 TeV,ENERGY
87,proton,PARTICLE
87,NOvA,DETECTOR
87,DESY,FACILITY
87,T2K,DETECTOR
88,D0 experiment,EXPERIMENT
88,pp collisions,COLLISION
88,bottom quark,PARTICLE
88,SuperKEKB,FACILITY
88,200 GeV,ENERGY
88,NA62,DETECTOR
88,KEK,FACILITY
88,D0,DETECTOR
89,MicroBooNE experiment,EXPERIMENT
89,Pb-Pb collisions,COLLISION
89,muon neutrino,PARTICLE
89,MicroBooNE,DETECTOR
89,neutrino,PARTICLE
89,electron,PARTICLE
89,6.5 TeV,ENERGY
89,KLOE-2,DETECTOR
89,muon,PARTICLE
89,LHC,FACILITY
90,Belle II experiment,EXPERIMENT
90,p-Pb collisions,COLLISION
90,muon neutrino,PARTICLE
90,neutrino,PARTICLE
90,Belle II,DETECTOR
90,200 GeV,ENERGY
90,ATLAS,DETECTOR
90,muon,PARTICLE
90,RHIC,FACILITY
91,Jefferson Laboratory,FACILITY
91,KLOE-2 experiment,EXPERIMENT
91,Au-Au collisions,COLLISION
91,neutrino,PARTICLE
91,0.9 TeV,ENERGY
91,KLOE-2,DETECTOR
91,BaBar,DETECTOR
92,proton-proton collisions,COLLISION
92,Jefferson Laboratory,FACILITY
92,SND@LHC experiment,EXPERIMENT
92,5.02 TeV,ENERGY
92,Z boson,PARTICLE
92,SND@LHC,DETECTOR
92,COMPASS,DETECTOR
92,proton,PARTICLE
92,LHC,FACILITY
93,Large Hadron Collider,FACILITY
93,heavy-ion collisions,COLLISION
93,CDF experiment,EXPERIMENT
93,dark matter,PARTICLE
93,200 GeV,ENERGY
93,BaBar,DETECTOR
93,CDF,DETECTOR
94,ion-ion collisions,COLLISION
94,TOTEM experiment,EXPERIMENT
94,muon neutrino,PARTICLE
94,Omega baryon,PARTICLE
94,neutrino,PARTICLE
94,Fermilab,FACILITY
94,100 TeV,ENERGY
94,TOTEM,DETECTOR
94,BaBar,DETECTOR
94,muon,PARTICLE
95,NA62 experiment,EXPERIMENT
95,p-Pb collisions,COLLISION
95,8 TeV,ENERGY
95,muon,PARTICLE
95,NA62,DETECTOR
95,KEK,FACILITY
96,nucleus-nucleus collisions,COLLISION
96,NOvA experiment,EXPERIMENT
96,dark matter,PARTICLE
96,Fermilab,FACILITY
96,14 TeV,ENERGY
96,NOvA,DETECTOR
96,CDF,DETECTOR
97,deep-inelastic scattering,COLLISION
97,FASER experiment,EXPERIMENT
97,tau neutrino,PARTICLE
97,neutrino,PARTICLE
97,Tevatron,FACILITY
97,COMPASS,DETECTOR
97,6.5 TeV,ENERGY
97,FASER,DETECTOR
98,MoEDAL experiment,EXPERIMENT
98,pp collisions,COLLISION
98,chargino,PARTICLE
98,Fermilab,FACILITY
98,200 GeV,ENERGY
98,MoEDAL,DETECTOR
98,HERA-B,DETECTOR
98,HERA,FACILITY
99,Jefferson Laboratory,FACILITY
99,Pb-Pb collisions,COLLISION
99,T2K experiment,EXPERIMENT
99,strange quark,PARTICLE
99,ALICE,DETECTOR
99,8 TeV,ENERGY
99,T2K,DETECTOR
100,electron-positron collisions,COLLISION
100,FASER experiment,EXPERIMENT
100,electron,PARTICLE
100,positron,PARTICLE
100,1.96 TeV,ENERGY
100,ALICE,DETECTOR
100,FASER,DETECTOR
100,muon,PARTICLE
100,KEK,FACILITY
101,Jefferson Laboratory,FACILITY
101,heavy-ion collisions,COLLISION
101,ATLAS experiment,EXPERIMENT
101,charm quark,PARTICLE
101,KLOE-2,DETECTOR
101,13 TeV,ENERGY
101,ATLAS,DETECTOR
102,nucleus-nucleus collisions,COLLISION
102,FASER experiment,EXPERIMENT
102,top quark,PARTICLE
102,900 GeV,ENERGY
102,HERA-B,DETECTOR
102,FASER,DETECTOR
102,HERA,FACILITY
102,LEP,FACILITY
103,electron-positron collisions,COLLISION
103,TOTEM experiment,EXPERIMENT
103,neutralino,PARTICLE
103,electron,PARTICLE
103,positron,PARTICLE
103,Fermilab,FACILITY
103,13.6 TeV,ENERGY
103,HERA-B,DETECTOR
103,TOTEM,DETECTOR
103,pion,PARTICLE
103,HERA,FACILITY
104,p-Pb collisions,COLLISION
104,D0 experiment,EXPERIMENT
104,electron,PARTICLE
104,5.02 TeV,ENERGY
104,LHCb,DETECTOR
104,LHC,FACILITY
104,D0,DETECTOR
105,proton-proton collisions,COLLISION
105,MicroBooNE experiment,EXPERIMENT
105,charm quark,PARTICLE
105,MicroBooNE,DETECTOR
105,proton,PARTICLE
105,ALICE,DETECTOR
105,8 TeV,ENERGY
105,SPS,FACILITY
106,MoEDAL experiment,EXPERIMENT
106,p-Pb collisions,COLLISION
106,tau neutrino,PARTICLE
106,neutrino,PARTICLE
106,3.5 TeV,ENERGY
106,MoEDAL,DETECTOR
106,ATLAS,DETECTOR
106,HERA,FACILITY
107,Large Hadron Collider,FACILITY
107,Xe-Xe collisions,COLLISION
107,T2K experiment,EXPERIMENT
107,pp collisions,COLLISION
107,stop squark,PARTICLE
107,ALICE,DETECTOR
107,8 TeV,ENERGY
107,T2K,DETECTOR
107,LHC,FACILITY
108,SLAC National Accelerator Laboratory,FACILITY
108,proton-proton collisions,COLLISION
108,p-Pb collisions,COLLISION
108,T2K experiment,EXPERIMENT
108,Upsilon meson,PARTICLE
108,Belle II,DETECTOR
108,900 GeV,ENERGY
108,proton,PARTICLE
108,T2K,DETECTOR
109,electron-positron collisions,COLLISION
109,D0 experiment,EXPERIMENT
109,electron,PARTICLE
109,positron,PARTICLE
109,6.5 TeV,ENERGY
109,BaBar,DETECTOR
109,KEK,FACILITY
109,D0,DETECTOR
110,electron-positron collisions,COLLISION
110,Belle II experiment,EXPERIMENT
110,electron neutrino,PARTICLE
110,neutrino,PARTICLE
110,electron,PARTICLE
110,positron,PARTICLE
110,Belle II,DETECTOR
110,7 TeV,ENERGY
110,DESY,FACILITY
111,electron-positron collisions,COLLISION
111,Jefferson Laboratory,FACILITY
111,BaBar experiment,EXPERIMENT
111,Omega baryon,PARTICLE
111,electron,PARTICLE
111,positron,PARTICLE
111,5.02 TeV,ENERGY
111,ALICE,DETECTOR
111,BaBar,DETECTOR
111,7 TeV,ENERGY
112,deep-inelastic scattering,COLLISION
112,BaBar experiment,EXPERIMENT
112,W boson,PARTICLE
112,100 TeV,ENERGY
112,BaBar,DETECTOR
112,LHC,FACILITY
112,D0,DETECTOR
113,TOTEM experiment,EXPERIMENT
113,Au-Au collisions,COLLISION
113,stop squark,PARTICLE
113,MicroBooNE,DETECTOR
113,Fermilab,FACILITY
113,6.5 TeV,ENERGY
113,TOTEM,DETECTOR
114,KLOE-2 experiment,EXPERIMENT
114,Pb-Pb collisions,COLLISION
114,neutralino,PARTICLE
114,MicroBooNE,DETECTOR
114,Fermilab,FACILITY
114,B meson,PARTICLE
114,0.9 TeV,ENERGY
114,KLOE-2,DETECTOR
115,heavy-ion collisions,COLLISION
115,SND@LHC experiment,EXPERIMENT
115,antiproton,PARTICLE
115,neutralino,PARTICLE
115,SuperKEKB,FACILITY
115,SND@LHC,DETECTOR
115,proton,PARTICLE
115,FASER,DETECTOR
115,8 TeV,ENERGY
115,KEK,FACILITY
115,LHC,FACILITY
116,nucleus-nucleus collisions,COLLISION
116,ATLAS experiment,EXPERIMENT
116,dark matter,PARTICLE
116,13 TeV,ENERGY
116,ATLAS,DETECTOR
116,LEP,FACILITY
116,D0,DETECTOR
117,Brookhaven National Laboratory,FACILITY
117,ion-ion collisions,COLLISION
117,NOvA experiment,EXPERIMENT
117,tau neutrino,PARTICLE
117,neutrino,PARTICLE
117,KLOE-2,DETECTOR
117,8 TeV,ENERGY
117,NOvA,DETECTOR
118,deep-inelastic scattering,COLLISION
118,electron neutrino,PARTICLE
118,LHCb experiment,EXPERIMENT
118,neutrino,PARTICLE
118,electron,PARTICLE
118,Belle II,DETECTOR
118,3.5 TeV,ENERGY
118,LHCb,DETECTOR
118,KEK,FACILITY
118,LHC,FACILITY
119,proton-proton collisions,COLLISION
119,T2K experiment,EXPERIMENT
119,strange quark,PARTICLE
119,top quark,PARTICLE
119,proton,PARTICLE
119,BaBar,DETECTOR
119,8 TeV,ENERGY
119,HERA,FACILITY
119,T2K,DETECTOR
120,BaBar experiment,EXPERIMENT
120,Au-Au collisions,COLLISION
120,Lambda baryon,PARTICLE
120,0.9 TeV,ENERGY
120,KLOE-2,DETECTOR
120,BaBar,DETECTOR
120,CERN,FACILITY
121,proton-antiproton collisions,COLLISION
121,ATLAS experiment,EXPERIMENT
121,antiproton,PARTICLE
121,Xi baryon,PARTICLE
121,200 GeV,ENERGY
121,proton,PARTICLE
121,ATLAS,DETECTOR
121,LHCb,DETECTOR
121,DESY,FACILITY
121,LHC,FACILITY
122,NOvA experiment,EXPERIMENT
122,pp collisions,COLLISION
122,stop squark,PARTICLE
122,Tevatron,FACILITY
122,ALICE,DETECTOR
122,8 TeV,ENERGY
122,NOvA,DETECTOR
123,Pb-Pb collisions,COLLISION
123,NOvA experiment,EXPERIMENT
123,stop squark,PARTICLE
123,Tevatron,FACILITY
123,5.02 TeV,ENERGY
123,NOvA,DETECTOR
123,T2K,DETECTOR
124,KLOE-2 experiment,EXPERIMENT
124,p-Pb collisions,COLLISION
124,muon neutrino,PARTICLE
124,neutrino,PARTICLE
124,KLOE-2,DETECTOR
124,14 TeV,ENERGY
124,muon,PARTICLE
124,DESY,FACILITY
124,T2K,DETECTOR
125,ATLAS experiment,EXPERIMENT
125,Xe-Xe collisions,COLLISION
125,Xi baryon,PARTICLE
125,13.6 TeV,ENERGY
125,ATLAS,DETECTOR
125,FASER,DETECTOR
125,LHC,FACILITY
126,electron-positron collisions,COLLISION
126,ALICE experiment,EXPERIMENT
126,electron,PARTICLE
126,positron,PARTICLE
126,13 TeV,ENERGY
126,ATLAS,DETECTOR
126,ALICE,DETECTOR
126,kaon,PARTICLE
126,RHIC,FACILITY
127,electron-positron collisions,COLLISION
127,CMS experiment,EXPERIMENT
127,Xi baryon,PARTICLE
127,electron,PARTICLE
127,positron,PARTICLE
127,Tevatron,FACILITY
127,200 GeV,ENERGY
127,CMS,DETECTOR
127,CDF,DETECTOR
128,electron-positron collisions,COLLISION
128,BaBar experiment,EXPERIMENT
128,bottom quark,PARTICLE
128,Xi baryon,PARTICLE
128,electron,PARTICLE
128,positron,PARTICLE
128,Tevatron,FACILITY
128,5.02 TeV,ENERGY
128,MoEDAL,DETECTOR
128,BaBar,DETECTOR
129,Large Hadron Collider,FACILITY
129,BaBar experiment,EXPERIMENT
129,Xe-Xe collisions,COLLISION
129,chargino,PARTICLE
129,Belle II,DETECTOR
129,3.5 TeV,ENERGY
129,BaBar,DETECTOR
130,proton-antiproton collisions,COLLISION
130,COMPASS experiment,EXPERIMENT
130,antiproton,PARTICLE
130,COMPASS,DETECTOR
130,0.9 TeV,ENERGY
130,proton,PARTICLE
130,photon,PARTICLE
130,NA62,DETECTOR
130,HERA,FACILITY
131,heavy-ion collisions,COLLISION
131,FASER experiment,EXPERIMENT
131,top quark,PARTICLE
131,1.96 TeV,ENERGY
131,SND@LHC,DETECTOR
131,FASER,DETECTOR
131,SPS,FACILITY
131,LHC,FACILITY
132,heavy-ion collisions,COLLISION
132,KLOE-2 experiment,EXPERIMENT
132,p-Pb collisions,COLLISION
132,tau neutrino,PARTICLE
132,neutrino,PARTICLE
132,KLOE-2,DETECTOR
132,ATLAS,DETECTOR
132,8 TeV,ENERGY
132,LEP,FACILITY
132,LHC,FACILITY
133,proton-proton collisions,COLLISION
133,ALICE experiment,EXPERIMENT
133,p-Pb collisions,COLLISION
133,tau neutrino,PARTICLE
133,SuperKEKB,FACILITY
133,neutrino,PARTICLE
133,proton,PARTICLE
133,13 TeV,ENERGY
133,ALICE,DETECTOR
133,NOvA,DETECTOR
133,KEK,FACILITY
134,MicroBooNE experiment,EXPERIMENT
134,Pb-Pb collisions,COLLISION
134,dark matter,PARTICLE
134,MicroBooNE,DETECTOR
134,100 TeV,ENERGY
134,MoEDAL,DETECTOR
134,LEP,FACILITY
135,Pb-Pb collisions,COLLISION
135,NA62 experiment,EXPERIMENT
135,antiproton,PARTICLE
135,900 GeV,ENERGY
135,proton,PARTICLE
135,ALICE,DETECTOR
135,NA62,DETECTOR
135,DESY,FACILITY
136,deep-inelastic scattering,COLLISION
136,Jefferson Laboratory,FACILITY
136,Belle II experiment,EXPERIMENT
136,stop squark,PARTICLE
136,Belle II,DETECTOR
136,5.02 TeV,ENERGY
136,13 TeV,ENERGY
136,LHCb,DETECTOR
136,LHC,FACILITY
137,Jefferson Laboratory,FACILITY
137,FASER experiment,EXPERIMENT
137,Pb-Pb collisions,COLLISION
137,tau lepton,PARTICLE
137,900 GeV,ENERGY
137,FASER,DETECTOR
137,CDF,DETECTOR
138,Large Hadron Collider,FACILITY
138,KLOE-2 experiment,EXPERIMENT
138,Upsilon meson,PARTICLE
138,pp collisions,COLLISION
138,Belle II,DETECTOR
138,100 TeV,ENERGY
138,KLOE-2,DETECTOR
139,deep-inelastic scattering,COLLISION
139,TOTEM experiment,EXPERIMENT
139,SuperKEKB,FACILITY
139,positron,PARTICLE
139,13.6 TeV,ENERGY
139,photon,PARTICLE
139,KLOE-2,DETECTOR
139,TOTEM,DETECTOR
139,KEK,FACILITY
140,deep-inelastic scattering,COLLISION
140,Belle II experiment,EXPERIMENT
140,tau neutrino,PARTICLE
140,neutrino,PARTICLE
140,Belle II,DETECTOR
140,5.02 TeV,ENERGY
140,B meson,PARTICLE
140,HERA,FACILITY
140,CMS,DETECTOR
141,ion-ion collisions,COLLISION
141,T2K experiment,EXPERIMENT
141,charm quark,PARTICLE
141,Fermilab,FACILITY
141,100 TeV,ENERGY
141,HERA-B,DETECTOR
141,HERA,FACILITY
141,T2K,DETECTOR
142,ATLAS experiment,EXPERIMENT
142,pp collisions,COLLISION
142,B meson,PARTICLE
142,14 TeV,ENERGY
142,ATLAS,DETECTOR
142,TOTEM,DETECTOR
142,HERA,FACILITY
143,electron-positron collisions,COLLISION
143,D0 experiment,EXPERIMENT
143,electron,PARTICLE
143,positron,PARTICLE
143,Fermilab,FACILITY
143,0.9 TeV,ENERGY
143,LHCb,DETECTOR
143,LHC,FACILITY
143,D0,DETECTOR
144,Brookhaven National Laboratory,FACILITY
144,proton-proton collisions,COLLISION
144,COMPASS experiment,EXPERIMENT
144,chargino,PARTICLE
144,1.96 TeV,ENERGY
144,COMPASS,DETECTOR
144,proton,PARTICLE
144,kaon,PARTICLE
145,SLAC National Accelerator Laboratory,FACILITY
145,ion-ion collisions,COLLISION
145,FASER experiment,EXPERIMENT
145,strange quark,PARTICLE
145,200 GeV,ENERGY
145,HERA-B,DETECTOR
145,FASER,DETECTOR
145,HERA,FACILITY
146,T2K experiment,EXPERIMENT
146,pp collisions,COLLISION
146,chargino,PARTICLE
146,Fermilab,FACILITY
146,2.76 TeV,ENERGY
146,HERA-B,DETECTOR
146,HERA,FACILITY
146,T2K,DETECTOR
147,COMPASS experiment,EXPERIMENT
147,pp collisions,COLLISION
147,top quark,PARTICLE
147,Tevatron,FACILITY
147,1.96 TeV,ENERGY
147,COMPASS,DETECTOR
147,HERA-B,DETECTOR
147,HERA,FACILITY
148,proton-proton collisions,COLLISION
148,CMS experiment,EXPERIMENT
148,proton,PARTICLE
148,gluon,PARTICLE
148,BaBar,DETECTOR
148,8 TeV,ENERGY
148,CMS,DETECTOR
148,LEP,FACILITY
149,deep-inelastic scattering,COLLISION
149,FASER experiment,EXPERIMENT
149,Xi baryon,PARTICLE
149,FASER,DETECTOR
149,7 TeV,ENERGY
149,NA62,DETECTOR
149,SPS,FACILITY
150,proton-antiproton collisions,COLLISION
150,LHCf experiment,EXPERIMENT
150,Lambda baryon,PARTICLE
150,antiproton,PARTICLE
150,SuperKEKB,FACILITY
150,2.76 TeV,ENERGY
150,proton,PARTICLE
150,LHCf,DETECTOR
150,KEK,FACILITY
150,LHC,FACILITY
151,SLAC National Accelerator Laboratory,FACILITY
151,nucleus-nucleus collisions,COLLISION
151,COMPASS experiment,EXPERIMENT
151,strange quark,PARTICLE
151,13.6 TeV,ENERGY
151,COMPASS,DETECTOR
151,CMS,DETECTOR
152,Belle II experiment,EXPERIMENT
152,ion-ion collisions,COLLISION
152,dark matter,PARTICLE
152,Belle II,DETECTOR
152,100 TeV,ENERGY
152,KLOE-2,DETECTOR
152,SPS,FACILITY
153,ion-ion collisions,COLLISION
153,LHCb experiment,EXPERIMENT
153,J/psi meson,PARTICLE
153,electron,PARTICLE
153,13 TeV,ENERGY
153,LHCb,DETECTOR
153,DESY,FACILITY
153,CMS,DETECTOR
153,LHC,FACILITY
154,proton-proton collisions,COLLISION
154,LHCf experiment,EXPERIMENT
154,Omega baryon,PARTICLE
154,MicroBooNE,DETECTOR
154,proton,PARTICLE
154,13 TeV,ENERGY
154,LHCf,DETECTOR
154,LEP,FACILITY
154,LHC,FACILITY
155,electron-positron collisions,COLLISION
155,FASER experiment,EXPERIMENT
155,antiproton,PARTICLE
155,electron,PARTICLE
155,positron,PARTICLE
155,Fermilab,FACILITY
155,13.6 TeV,ENERGY
155,proton,PARTICLE
155,FASER,DETECTOR
155,LHCf,DETECTOR
155,LHC,FACILITY
156,ion-ion collisions,COLLISION
156,FASER experiment,EXPERIMENT
156,muon neutrino,PARTICLE
156,neutrino,PARTICLE
156,3.5 TeV,ENERGY
156,ALICE,DETECTOR
156,FASER,DETECTOR
156,muon,PARTICLE
156,LEP,FACILITY
157,nucleus-nucleus collisions,COLLISION
157,ion-ion collisions,COLLISION
157,ALICE experiment,EXPERIMENT
157,J/psi meson,PARTICLE
157,SND@LHC,DETECTOR
157,6.5 TeV,ENERGY
157,ALICE,DETECTOR
157,HERA,FACILITY
157,LHC,FACILITY
158,MoEDAL experiment,EXPERIMENT
158,Pb-Pb collisions,COLLISION
158,Xe-Xe collisions,COLLISION
158,neutrino,PARTICLE
158,0.9 TeV,ENERGY
158,MoEDAL,DETECTOR
158,RHIC,FACILITY
158,CMS,DETECTOR
159,Xe-Xe collisions,COLLISION
159,LHCb experiment,EXPERIMENT
159,dark matter,PARTICLE
159,6.5 TeV,ENERGY
159,ALICE,DETECTOR
159,LHCb,DETECTOR
159,LHC,FACILITY
160,proton-proton collisions,COLLISION
160,CDF experiment,EXPERIMENT
160,10.6 TeV,ENERGY
160,B meson,PARTICLE
160,proton,PARTICLE
160,RHIC,FACILITY
160,CDF,DETECTOR
160,T2K,DETECTOR
161,deep-inelastic scattering,COLLISION
161,BaBar experiment,EXPERIMENT
161,Fermilab,FACILITY
161,MoEDAL,DETECTOR
161,14 TeV,ENERGY
161,BaBar,DETECTOR
161,7 TeV,ENERGY
161,kaon,PARTICLE
162,Belle II experiment,EXPERIMENT
162,Pb-Pb collisions,COLLISION
162,antiproton,PARTICLE
162,Belle II,DETECTOR
162,proton,PARTICLE
162,7 TeV,ENERGY
162,DESY,FACILITY
162,D0,DETECTOR
163,proton-proton collisions,COLLISION
163,TOTEM experiment,EXPERIMENT
163,chargino,PARTICLE
163,proton,PARTICLE
163,HERA-B,DETECTOR
163,TOTEM,DETECTOR
163,8 TeV,ENERGY
163,DESY,FACILITY
163,HERA,FACILITY
164,Jefferson Laboratory,FACILITY
164,BaBar experiment,EXPERIMENT
164,Xe-Xe collisions,COLLISION
164,W boson,PARTICLE
164,D meson,PARTICLE
164,HERA-B,DETECTOR
164,BaBar,DETECTOR
164,8 TeV,ENERGY
164,HERA,FACILITY
165,Xe-Xe collisions,COLLISION
165,CDF experiment,EXPERIMENT
165,Upsilon meson,PARTICLE
165,B meson,PARTICLE
165,6.5 TeV,ENERGY
165,HERA,FACILITY
165,CDF,DETECTOR
165,T2K,DETECTOR
166,deep-inelastic scattering,COLLISION
166,LHCf experiment,EXPERIMENT
166,tau neutrino,PARTICLE
166,neutrino,PARTICLE
166,100 TeV,ENERGY
166,BaBar,DETECTOR
166,LHCf,DETECTOR
166,KEK,FACILITY
166,LHC,FACILITY
167,MicroBooNE experiment,EXPERIMENT
167,ion-ion collisions,COLLISION
167,MicroBooNE,DETECTOR
167,Z boson,PARTICLE
167,6.5 TeV,ENERGY
167,CERN,FACILITY
168,heavy-ion collisions,COLLISION
168,T2K experiment,EXPERIMENT
168,chargino,PARTICLE
168,900 GeV,ENERGY
168,T2K,DETECTOR
168,LHC,FACILITY
169,electron-positron collisions,COLLISION
169,CMS experiment,EXPERIMENT
169,antiproton,PARTICLE
169,electron,PARTICLE
169,positron,PARTICLE
169,Belle II,DETECTOR
169,Fermilab,FACILITY
169,10.6 TeV,ENERGY
169,B meson,PARTICLE
169,proton,PARTICLE
169,CMS,DETECTOR
170,Au-Au collisions,COLLISION
170,NOvA experiment,EXPERIMENT
170,tau lepton,PARTICLE
170,2.76 TeV,ENERGY
170,COMPASS,DETECTOR
170,NOvA,DETECTOR
170,LHC,FACILITY
171,Jefferson Laboratory,FACILITY
171,MoEDAL experiment,EXPERIMENT
171,Au-Au collisions,COLLISION
171,dark matter,PARTICLE
171,6.5 TeV,ENERGY
171,MoEDAL,DETECTOR
171,LHCf,DETECTOR
171,LHC,FACILITY
172,ion-ion collisions,COLLISION
172,FASER experiment,EXPERIMENT
172,dark matter,PARTICLE
172,Tevatron,FACILITY
172,FASER,DETECTOR
172,7 TeV,ENERGY
172,D0,DETECTOR
173,ion-ion collisions,COLLISION
173,ATLAS experiment,EXPERIMENT
173,10.6 TeV,ENERGY
173,Z boson,PARTICLE
173,HERA-B,DETECTOR
173,ATLAS,DETECTOR
173,DESY,FACILITY
173,HERA,FACILITY
174,heavy-ion collisions,COLLISION
174,D0 experiment,EXPERIMENT
174,Z boson,PARTICLE
174,6.5 TeV,ENERGY
174,NOvA,DETECTOR
174,HERA,FACILITY
174,D0,DETECTOR
175,nucleus-nucleus collisions,COLLISION
175,MicroBooNE experiment,EXPERIMENT
175,MicroBooNE,DETECTOR
175,Belle II,DETECTOR
175,Z boson,PARTICLE
175,7 TeV,ENERGY
175,KEK,FACILITY
176,Xe-Xe collisions,COLLISION
176,NOvA experiment,EXPERIMENT
176,stop squark,PARTICLE
176,Tevatron,FACILITY
176,13.6 TeV,ENERGY
176,NOvA,DETECTOR
176,CDF,DETECTOR
177,proton-proton collisions,COLLISION
177,CDF experiment,EXPERIMENT
177,Z boson,PARTICLE
177,COMPASS,DETECTOR
177,3.5 TeV,ENERGY
177,proton,PARTICLE
177,RHIC,FACILITY
177,CDF,DETECTOR
178,FASER experiment,EXPERIMENT
178,Pb-Pb collisions,COLLISION
178,strange quark,PARTICLE
178,Omega baryon,PARTICLE
178,FASER,DETECTOR
178,7 TeV,ENERGY
178,NOvA,DETECTOR
178,CERN,FACILITY
179,Large Hadron Collider,FACILITY
179,KLOE-2 experiment,EXPERIMENT
179,pp collisions,COLLISION
179,positron,PARTICLE
179,Belle II,DETECTOR
179,3.5 TeV,ENERGY
179,KLOE-2,DETECTOR
180,electron-positron collisions,COLLISION
180,Jefferson Laboratory,FACILITY
180,ALICE experiment,EXPERIMENT
180,neutralino,PARTICLE
180,electron,PARTICLE
180,positron,PARTICLE
180,5.02 TeV,ENERGY
180,ALICE,DETECTOR
181,nucleus-nucleus collisions,COLLISION
181,D0 experiment,EXPERIMENT
181,positron,PARTICLE
181,200 GeV,ENERGY
181,KEK,FACILITY
181,D0,DETECTOR
182,electron-positron collisions,COLLISION
182,proton-antiproton collisions,COLLISION
182,NOvA experiment,EXPERIMENT
182,charm quark,PARTICLE
182,antiproton,PARTICLE
182,electron,PARTICLE
182,positron,PARTICLE
182,SND@LHC,DETECTOR
182,proton,PARTICLE
182,14 TeV,ENERGY
182,NOvA,DETECTOR
182,LHC,FACILITY
183,deep-inelastic scattering,COLLISION
183,LHCf experiment,EXPERIMENT
183,p-Pb collisions,COLLISION
183,positron,PARTICLE
183,COMPASS,DETECTOR
183,0.9 TeV,ENERGY
183,LHCf,DETECTOR
183,KEK,FACILITY
183,LHC,FACILITY
184,proton-antiproton collisions,COLLISION
184,BaBar experiment,EXPERIMENT
184,Omega baryon,PARTICLE
184,antiproton,PARTICLE
184,MicroBooNE,DETECTOR
184,2.76 TeV,ENERGY
184,proton,PARTICLE
184,BaBar,DETECTOR
184,KEK,FACILITY
185,Jefferson Laboratory,FACILITY
185,ATLAS experiment,EXPERIMENT
185,Xe-Xe collisions,COLLISION
185,Lambda baryon,PARTICLE
185,5.02 TeV,ENERGY
185,ATLAS,DETECTOR
185,D0,DETECTOR
186,deep-inelastic scattering,COLLISION
186,NOvA experiment,EXPERIMENT
186,muon neutrino,PARTICLE
186,neutrino,PARTICLE
186,100 TeV,ENERGY
186,3.5 TeV,ENERGY
186,TOTEM,DETECTOR
186,muon,PARTICLE
186,NOvA,DETECTOR
186,DESY,FACILITY
187,heavy-ion collisions,COLLISION
187,ATLAS experiment,EXPERIMENT
187,dark matter,PARTICLE
187,3.5 TeV,ENERGY
187,HERA-B,DETECTOR
187,ATLAS,DETECTOR
187,HERA,FACILITY
187,SPS,FACILITY
188,Xe-Xe collisions,COLLISION
188,LHCb experiment,EXPERIMENT
188,charm quark,PARTICLE
188,6.5 TeV,ENERGY
188,LHCb,DETECTOR
188,CDF,DETECTOR
188,LEP,FACILITY
188,LHC,FACILITY
189,electron-positron collisions,COLLISION
189,LHCb experiment,EXPERIMENT
189,Upsilon meson,PARTICLE
189,top quark,PARTICLE
189,electron,PARTICLE
189,positron,PARTICLE
189,7 TeV,ENERGY
189,LHCb,DETECTOR
189,LHC,FACILITY
190,electron-positron collisions,COLLISION
190,electron neutrino,PARTICLE
190,ATLAS experiment,EXPERIMENT
190,tau neutrino,PARTICLE
190,neutrino,PARTICLE
190,electron,PARTICLE
190,positron,PARTICLE
190,200 GeV,ENERGY
190,ATLAS,DETECTOR
190,FASER,DETECTOR
190,HERA,FACILITY
191,Large Hadron Collider,FACILITY
191,p-Pb collisions,COLLISION
191,CDF experiment,EXPERIMENT
191,Higgs boson,PARTICLE
191,0.9 TeV,ENERGY
191,CDF,DETECTOR
191,T2K,DETECTOR
192,proton-proton collisions,COLLISION
192,CMS experiment,EXPERIMENT
192,electron,PARTICLE
192,proton,PARTICLE
192,8 TeV,ENERGY
192,NA62,DETECTOR
192,CERN,FACILITY
192,CMS,DETECTOR
193,proton-antiproton collisions,COLLISION
193,COMPASS experiment,EXPERIMENT
193,strange quark,PARTICLE
193,antiproton,PARTICLE
193,COMPASS,DETECTOR
193,proton,PARTICLE
193,FASER,DETECTOR
193,7 TeV,ENERGY
193,RHIC,FACILITY
194,Large Hadron Collider,FACILITY
194,MicroBooNE experiment,EXPERIMENT
194,heavy-ion collisions,COLLISION
194,charm quark,PARTICLE
194,MicroBooNE,DETECTOR
194,top quark,PARTICLE
194,0.9 TeV,ENERGY
194,HERA-B,DETECTOR
194,HERA,FACILITY
195,Pb-Pb collisions,COLLISION
195,LHCb experiment,EXPERIMENT
195,2.76 TeV,ENERGY
195,MoEDAL,DETECTOR
195,pion,PARTICLE
195,LHCb,DETECTOR
195,SPS,FACILITY
195,LHC,FACILITY
196,CMS experiment,EXPERIMENT
196,Lambda baryon,PARTICLE
196,pp collisions,COLLISION
196,2.76 TeV,ENERGY
196,KLOE-2,DETECTOR
196,HERA,FACILITY
196,CMS,DETECTOR
197,electron-positron collisions,COLLISION
197,D0 experiment,EXPERIMENT
197,Higgs boson,PARTICLE
197,electron,PARTICLE
197,positron,PARTICLE
197,KLOE-2,DETECTOR
197,13 TeV,ENERGY
197,DESY,FACILITY
197,D0,DETECTOR
198,Large Hadron Collider,FACILITY
198,heavy-ion collisions,COLLISION
198,SND@LHC experiment,EXPERIMENT
198,positron,PARTICLE
198,Belle II,DETECTOR
198,13.6 TeV,ENERGY
198,SND@LHC,DETECTOR
198,LHC,FACILITY
199,MoEDAL experiment,EXPERIMENT
199,pp collisions,COLLISION
199,stop squark,PARTICLE
199,900 GeV,ENERGY
199,MoEDAL,DETECTOR
199,ALICE,DETECTOR
199,CERN,FACILITY
200,FASER experiment,EXPERIMENT
200,Pb-Pb collisions,COLLISION
200,neutralino,PARTICLE
200,HERA-B,DETECTOR
200,13 TeV,ENERGY
200,FASER,DETECTOR
200,CERN,FACILITY
200,HERA,FACILITY
201,heavy-ion collisions,COLLISION
201,Belle II experiment,EXPERIMENT
201,Omega baryon,PARTICLE
201,Belle II,DETECTOR
201,Fermilab,FACILITY
201,13 TeV,ENERGY
201,ATLAS,DETECTOR
202,proton-proton collisions,COLLISION
202,TOTEM experiment,EXPERIMENT
202,1.96 TeV,ENERGY
202,B meson,PARTICLE
202,proton,PARTICLE
202,TOTEM,DETECTOR
202,NOvA,DETECTOR
202,RHIC,FACILITY
203,Large Hadron Collider,FACILITY
203,Pb-Pb collisions,COLLISION
203,LHCb experiment,EXPERIMENT
203,top quark,PARTICLE
203,6.5 TeV,ENERGY
203,gluon,PARTICLE
203,LHCb,DETECTOR
203,NOvA,DETECTOR
203,LHC,FACILITY
204,heavy-ion collisions,COLLISION
204,Belle II experiment,EXPERIMENT
204,bottom quark,PARTICLE
204,Belle II,DETECTOR
204,14 TeV,ENERGY
204,FASER,DETECTOR
204,HERA,FACILITY
205,proton-proton collisions,COLLISION
205,NA62 experiment,EXPERIMENT
205,muon neutrino,PARTICLE
205,neutrino,PARTICLE
205,1.96 TeV,ENERGY
205,proton,PARTICLE
205,MoEDAL,DETECTOR
205,muon,PARTICLE
205,NA62,DETECTOR
205,HERA,FACILITY
206,MoEDAL experiment,EXPERIMENT
206,p-Pb collisions,COLLISION
206,10.6 TeV,ENERGY
206,B meson,PARTICLE
206,MoEDAL,DETECTOR
206,ALICE,DETECTOR
206,RHIC,FACILITY
207,proton-proton collisions,COLLISION
207,Au-Au collisions,COLLISION
207,NOvA experiment,EXPERIMENT
207,Lambda baryon,PARTICLE
207,proton,PARTICLE
207,14 TeV,ENERGY
207,NOvA,DETECTOR
207,HERA,FACILITY
207,LHC,FACILITY
208,proton-proton collisions,COLLISION
208,ion-ion collisions,COLLISION
208,FASER experiment,EXPERIMENT
208,strange quark,PARTICLE
208,13.6 TeV,ENERGY
208,proton,PARTICLE
208,FASER,DETECTOR
208,T2K,DETECTOR
208,LEP,FACILITY
209,COMPASS experiment,EXPERIMENT
209,ion-ion collisions,COLLISION
209,COMPASS,DETECTOR
209,6.5 TeV,ENERGY
209,kaon,PARTICLE
209,CMS,DETECTOR
209,LHC,FACILITY
210,proton-antiproton collisions,COLLISION
210,ATLAS experiment,EXPERIMENT
210,antiproton,PARTICLE
210,tau lepton,PARTICLE
210,proton,PARTICLE
210,13 TeV,ENERGY
210,ATLAS,DETECTOR
210,CMS,DETECTOR
210,KEK,FACILITY
211,FASER experiment,EXPERIMENT
211,p-Pb collisions,COLLISION
211,chargino,PARTICLE
211,Fermilab,FACILITY
211,3.5 TeV,ENERGY
211,0.9 TeV,ENERGY
211,FASER,DETECTOR
211,D0,DETECTOR
212,nucleus-nucleus collisions,COLLISION
212,KLOE-2 experiment,EXPERIMENT
212,strange quark,PARTICLE
212,Tevatron,FACILITY
212,5.02 TeV,ENERGY
212,KLOE-2,DETECTOR
213,Brookhaven National Laboratory,FACILITY
213,LHCb experiment,EXPERIMENT
213,p-Pb collisions,COLLISION
213,Higgs boson,PARTICLE
213,0.9 TeV,ENERGY
213,LHCb,DETECTOR
213,T2K,DETECTOR
213,LHC,FACILITY
214,deep-inelastic scattering,COLLISION
214,Large Hadron Collider,FACILITY
214,KLOE-2 experiment,EXPERIMENT
214,stop squark,PARTICLE
214,10.6 TeV,ENERGY
214,W boson,PARTICLE
214,KLOE-2,DETECTOR
214,BaBar,DETECTOR
215,FASER experiment,EXPERIMENT
215,Pb-Pb collisions,COLLISION
215,strange quark,PARTICLE
215,neutralino,PARTICLE
215,1.96 TeV,ENERGY
215,FASER,DETECTOR
215,NOvA,DETECTOR
215,LEP,FACILITY
216,Brookhaven National Laboratory,FACILITY
216,Au-Au collisions,COLLISION
216,CDF experiment,EXPERIMENT
216,antiproton,PARTICLE
216,proton,PARTICLE
216,14 TeV,ENERGY
216,CDF,DETECTOR
216,T2K,DETECTOR
217,ATLAS experiment,EXPERIMENT
217,p-Pb collisions,COLLISION
217,electron,PARTICLE
217,ATLAS,DETECTOR
217,8 TeV,ENERGY
217,LHCb,DETECTOR
217,SPS,FACILITY
217,LHC,FACILITY
218,nucleus-nucleus collisions,COLLISION
218,ALICE experiment,EXPERIMENT
218,Xi baryon,PARTICLE
218,10.6 TeV,ENERGY
218,ALICE,DETECTOR
218,TOTEM,DETECTOR
218,HERA,FACILITY
219,deep-inelastic scattering,COLLISION
219,TOTEM experiment,EXPERIMENT
219,MicroBooNE,DETECTOR
219,SuperKEKB,FACILITY
219,chargino,PARTICLE
219,proton,PARTICLE
219,TOTEM,DETECTOR
219,7 TeV,ENERGY
219,KEK,FACILITY
220,MoEDAL experiment,EXPERIMENT
220,p-Pb collisions,COLLISION
220,antiproton,PARTICLE
220,5.02 TeV,ENERGY
220,proton,PARTICLE
220,MoEDAL,DETECTOR
220,HERA-B,DETECTOR
220,HERA,FACILITY
220,SPS,FACILITY
221,SLAC National Accelerator Laboratory,FACILITY
221,p-Pb collisions,COLLISION
221,T2K experiment,EXPERIMENT
221,top quark,PARTICLE
221,13 TeV,ENERGY
221,ALICE,DETECTOR
221,T2K,DETECTOR
222,TOTEM experiment,EXPERIMENT
222,Au-Au collisions,COLLISION
222,B meson,PARTICLE
222,900 GeV,ENERGY
222,MoEDAL,DETECTOR
222,TOTEM,DETECTOR
222,LEP,FACILITY
223,proton-antiproton collisions,COLLISION
223,ALICE experiment,EXPERIMENT
223,antiproton,PARTICLE
223,tau lepton,PARTICLE
223,Fermilab,FACILITY
223,13.6 TeV,ENERGY
223,proton,PARTICLE
223,ATLAS,DETECTOR
223,ALICE,DETECTOR
224,KLOE-2 experiment,EXPERIMENT
224,pp collisions,COLLISION
224,Xi baryon,PARTICLE
224,10.6 TeV,ENERGY
224,HERA-B,DETECTOR
224,KLOE-2,DETECTOR
224,HERA,FACILITY
225,heavy-ion collisions,COLLISION
225,NA62 experiment,EXPERIMENT
225,Fermilab,FACILITY
225,COMPASS,DETECTOR
225,6.5 TeV,ENERGY
225,photon,PARTICLE
225,NA62,DETECTOR
226,Large Hadron Collider,FACILITY
226,electron neutrino,PARTICLE
226,NOvA experiment,EXPERIMENT
226,pp collisions,COLLISION
226,neutrino,PARTICLE
226,electron,PARTICLE
226,1.96 TeV,ENERGY
226,ALICE,DETECTOR
226,NOvA,DETECTOR
227,heavy-ion collisions,COLLISION
227,ALICE experiment,EXPERIMENT
227,antiproton,PARTICLE
227,6.5 TeV,ENERGY
227,proton,PARTICLE
227,ALICE,DETECTOR
227,NOvA,DETECTOR
227,LHC,FACILITY
228,Pb-Pb collisions,COLLISION
228,NOvA experiment,EXPERIMENT
228,neutrino,PARTICLE
228,Fermilab,FACILITY
228,BaBar,DETECTOR
228,8 TeV,ENERGY
228,muon,PARTICLE
228,NOvA,DETECTOR
229,SLAC National Accelerator Laboratory,FACILITY
229,BaBar experiment,EXPERIMENT
229,Au-Au collisions,COLLISION
229,positron,PARTICLE
229,3.5 TeV,ENERGY
229,BaBar,DETECTOR
229,LHCb,DETECTOR
229,LHC,FACILITY
230,LHCf experiment,EXPERIMENT
230,pp collisions,COLLISION
230,3.5 TeV,ENERGY
230,photon,PARTICLE
230,HERA-B,DETECTOR
230,LHCf,DETECTOR
230,HERA,FACILITY
230,SPS,FACILITY
230,LHC,FACILITY
231,KLOE-2 experiment,EXPERIMENT
231,Pb-Pb collisions,COLLISION
231,5.02 TeV,ENERGY
231,KLOE-2,DETECTOR
231,muon,PARTICLE
231,NA62,DETECTOR
231,HERA,FACILITY
232,MicroBooNE experiment,EXPERIMENT
232,Jefferson Laboratory,FACILITY
232,ion-ion collisions,COLLISION
232,p-Pb collisions,COLLISION
232,bottom quark,PARTICLE
232,MicroBooNE,DETECTOR
232,13 TeV,ENERGY
232,TOTEM,DETECTOR
232,LHC,FACILITY
233,proton-proton collisions,COLLISION
233,ion-ion collisions,COLLISION
233,FASER experiment,EXPERIMENT
233,chargino,PARTICLE
233,proton,PARTICLE
233,14 TeV,ENERGY
233,FASER,DETECTOR
233,NA62,DETECTOR
233,LEP,FACILITY
234,Brookhaven National Laboratory,FACILITY
234,nucleus-nucleus collisions,COLLISION
234,ATLAS experiment,EXPERIMENT
234,Z boson,PARTICLE
234,6.5 TeV,ENERGY
234,MoEDAL,DETECTOR
234,ATLAS,DETECTOR
235,SLAC National Accelerator Laboratory,FACILITY
235,heavy-ion collisions,COLLISION
235,KLOE-2 experiment,EXPERIMENT
235,B meson,PARTICLE
235,COMPASS,DETECTOR
235,KLOE-2,DETECTOR
235,13 TeV,ENERGY
236,Brookhaven National Laboratory,FACILITY
236,proton-antiproton collisions,COLLISION
236,CDF experiment,EXPERIMENT
236,antiproton,PARTICLE
236,positron,PARTICLE
236,10.6 TeV,ENERGY
236,6.5 TeV,ENERGY
236,proton,PARTICLE
236,FASER,DETECTOR
236,CDF,DETECTOR
237,Belle II experiment,EXPERIMENT
237,Xe-Xe collisions,COLLISION
237,Belle II,DETECTOR
237,1.96 TeV,ENERGY
237,D meson,PARTICLE
237,ATLAS,DETECTOR
237,RHIC,FACILITY
238,proton-antiproton collisions,COLLISION
238,Belle II experiment,EXPERIMENT
238,antiproton,PARTICLE
238,Belle II,DETECTOR
238,Fermilab,FACILITY
238,Z boson,PARTICLE
238,proton,PARTICLE
238,KLOE-2,DETECTOR
238,7 TeV,ENERGY
239,Jefferson Laboratory,FACILITY
239,BaBar experiment,EXPERIMENT
239,p-Pb collisions,COLLISION
239,Upsilon meson,PARTICLE
239,dark matter,PARTICLE
239,BaBar,DETECTOR
239,8 TeV,ENERGY
239,NOvA,DETECTOR
240,Pb-Pb collisions,COLLISION
240,T2K experiment,EXPERIMENT
240,muon neutrino,PARTICLE
240,neutrino,PARTICLE
240,5.02 TeV,ENERGY
240,W boson,PARTICLE
240,muon,PARTICLE
240,CERN,FACILITY
240,CDF,DETECTOR
240,T2K,DETECTOR
241,proton-antiproton collisions,COLLISION
241,NA62 experiment,EXPERIMENT
241,Upsilon meson,PARTICLE
241,antiproton,PARTICLE
241,5.02 TeV,ENERGY
241,proton,PARTICLE
241,ATLAS,DETECTOR
241,NA62,DETECTOR
241,CERN,FACILITY
242,CDF experiment,EXPERIMENT
242,pp collisions,COLLISION
242,neutrino,PARTICLE
242,Belle II,DETECTOR
242,5.02 TeV,ENERGY
242,CERN,FACILITY
242,CDF,DETECTOR
243,Pb-Pb collisions,COLLISION
243,NOvA experiment,EXPERIMENT
243,muon neutrino,PARTICLE
243,neutrino,PARTICLE
243,Tevatron,FACILITY
243,ATLAS,DETECTOR
243,7 TeV,ENERGY
243,muon,PARTICLE
243,NOvA,DETECTOR
244,electron-positron collisions,COLLISION
244,FASER experiment,EXPERIMENT
244,neutralino,PARTICLE
244,electron,PARTICLE
244,positron,PARTICLE
244,B meson,PARTICLE
244,14 TeV,ENERGY
244,FASER,DETECTOR
244,BaBar,DETECTOR
244,CERN,FACILITY
245,CMS experiment,EXPERIMENT
245,pp collisions,COLLISION
245,13.6 TeV,ENERGY
245,pion,PARTICLE
245,CERN,FACILITY
245,CMS,DETECTOR
245,T2K,DETECTOR
246,Au-Au collisions,COLLISION
246,LHCb experiment,EXPERIMENT
246,100 TeV,ENERGY
246,pion,PARTICLE
246,LHCb,DETECTOR
246,NA62,DETECTOR
246,SPS,FACILITY
246,LHC,FACILITY
247,Brookhaven National Laboratory,FACILITY
247,proton-antiproton collisions,COLLISION
247,LHCf experiment,EXPERIMENT
247,bottom quark,PARTICLE
247,antiproton,PARTICLE
247,proton,PARTICLE
247,7 TeV,ENERGY
247,LHCb,DETECTOR
247,LHCf,DETECTOR
247,LHC,FACILITY
248,deep-inelastic scattering,COLLISION
248,FASER experiment,EXPERIMENT
248,0.9 TeV,ENERGY
248,photon,PARTICLE
248,KLOE-2,DETECTOR
248,FASER,DETECTOR
248,KEK,FACILITY
249,Jefferson Laboratory,FACILITY
249,Belle II experiment,EXPERIMENT
249,ion-ion collisions,COLLISION
249,tau neutrino,PARTICLE
249,neutrino,PARTICLE
249,Belle II,DETECTOR
249,5.02 TeV,ENERGY
249,MoEDAL,DETECTOR
250,proton-proton collisions,COLLISION
250,NA62 experiment,EXPERIMENT
250,dark matter,PARTICLE
250,proton,PARTICLE
250,13 TeV,ENERGY
250,NA62,DETECTOR
250,CDF,DETECTOR
250,LEP,FACILITY
251,deep-inelastic scattering,COLLISION
251,NOvA experiment,EXPERIMENT
251,Lambda baryon,PARTICLE
251,3.5 TeV,ENERGY
251,MoEDAL,DETECTOR
251,NOvA,DETECTOR
251,HERA,FACILITY
252,NA62 experiment,EXPERIMENT
252,p-Pb collisions,COLLISION
252,Upsilon meson,PARTICLE
252,13.6 TeV,ENERGY
252,NA62,DETECTOR
252,DESY,FACILITY
252,T2K,DETECTOR
253,deep-inelastic scattering,COLLISION
253,KLOE-2 experiment,EXPERIMENT
253,Higgs boson,PARTICLE
253,chargino,PARTICLE
253,3.5 TeV,ENERGY
253,KLOE-2,DETECTOR
253,LHCf,DETECTOR
253,LHC,FACILITY
254,proton-proton collisions,COLLISION
254,LHCb experiment,EXPERIMENT
254,top quark,PARTICLE
254,10.6 TeV,ENERGY
254,proton,PARTICLE
254,LHCb,DETECTOR
254,HERA,FACILITY
254,LHC,FACILITY
254,D0,DETECTOR
255,Xe-Xe collisions,COLLISION
255,NOvA experiment,EXPERIMENT
255,tau lepton,PARTICLE
255,MicroBooNE,DETECTOR
255,3.5 TeV,ENERGY
255,NOvA,DETECTOR
255,LEP,FACILITY
256,ATLAS experiment,EXPERIMENT
256,Xe-Xe collisions,COLLISION
256,antiproton,PARTICLE
256,Tevatron,FACILITY
256,1.96 TeV,ENERGY
256,proton,PARTICLE
256,ATLAS,DETECTOR
257,electron-positron collisions,COLLISION
257,Xe-Xe collisions,COLLISION
257,LHCf experiment,EXPERIMENT
257,top quark,PARTICLE
257,electron,PARTICLE
257,positron,PARTICLE
257,Tevatron,FACILITY
257,COMPASS,DETECTOR
257,3.5 TeV,ENERGY
257,LHCf,DETECTOR
257,LHC,FACILITY
258,deep-inelastic scattering,COLLISION
258,proton-proton collisions,COLLISION
258,LHCf experiment,EXPERIMENT
258,stop squark,PARTICLE
258,Fermilab,FACILITY
258,proton,PARTICLE
258,7 TeV,ENERGY
258,LHCf,DETECTOR
258,LHC,FACILITY
258,D0,DETECTOR
259,Large Hadron Collider,FACILITY
259,KLOE-2 experiment,EXPERIMENT
259,Xe-Xe collisions,COLLISION
259,antiproton,PARTICLE
259,COMPASS,DETECTOR
259,proton,PARTICLE
259,KLOE-2,DETECTOR
259,13 TeV,ENERGY
260,KLOE-2 experiment,EXPERIMENT
260,Pb-Pb collisions,COLLISION
260,Z boson,PARTICLE
260,100 TeV,ENERGY
260,KLOE-2,DETECTOR
260,LHCf,DETECTOR
260,LHC,FACILITY
261,proton-antiproton collisions,COLLISION
261,NOvA experiment,EXPERIMENT
261,dark matter,PARTICLE
261,antiproton,PARTICLE
261,Fermilab,FACILITY
261,900 GeV,ENERGY
261,3.5 TeV,ENERGY
261,proton,PARTICLE
261,NOvA,DETECTOR
261,CDF,DETECTOR
262,ion-ion collisions,COLLISION
262,BaBar experiment,EXPERIMENT
262,neutralino,PARTICLE
262,Tevatron,FACILITY
262,14 TeV,ENERGY
262,BaBar,DETECTOR
262,D0,DETECTOR
263,LHCb experiment,EXPERIMENT
263,pp collisions,COLLISION
263,Higgs boson,PARTICLE
263,7 TeV,ENERGY
263,LHCb,DETECTOR
263,DESY,FACILITY
263,CMS,DETECTOR
263,LHC,FACILITY
264,electron-positron collisions,COLLISION
264,CMS experiment,EXPERIMENT
264,tau neutrino,PARTICLE
264,J/psi meson,PARTICLE
264,MicroBooNE,DETECTOR
264,neutrino,PARTICLE
264,electron,PARTICLE
264,positron,PARTICLE
264,6.5 TeV,ENERGY
264,CMS,DETECTOR
264,KEK,FACILITY
265,ion-ion collisions,COLLISION
265,NOvA experiment,EXPERIMENT
265,Omega baryon,PARTICLE
265,top quark,PARTICLE
265,2.76 TeV,ENERGY
265,HERA-B,DETECTOR
265,NOvA,DETECTOR
265,DESY,FACILITY
265,HERA,FACILITY
266,deep-inelastic scattering,COLLISION
266,BaBar experiment,EXPERIMENT
266,Tevatron,FACILITY
266,5.02 TeV,ENERGY
266,gluon,PARTICLE
266,BaBar,DETECTOR
266,NOvA,DETECTOR
267,Belle II experiment,EXPERIMENT
267,Pb-Pb collisions,COLLISION
267,Belle II,DETECTOR
267,14 TeV,ENERGY
267,pion,PARTICLE
267,NOvA,DETECTOR
267,HERA,FACILITY
268,Jefferson Laboratory,FACILITY
268,heavy-ion collisions,COLLISION
268,BaBar experiment,EXPERIMENT
268,neutralino,PARTICLE
268,SND@LHC,DETECTOR
268,6.5 TeV,ENERGY
268,BaBar,DETECTOR
268,LHC,FACILITY
269,SND@LHC experiment,EXPERIMENT
269,p-Pb collisions,COLLISION
269,dark matter,PARTICLE
269,W boson,PARTICLE
269,SND@LHC,DETECTOR
269,8 TeV,ENERGY
269,NA62,DETECTOR
269,LHC,FACILITY
270,SLAC National Accelerator Laboratory,FACILITY
270,electron neutrino,PARTICLE
270,ALICE experiment,EXPERIMENT
270,Xe-Xe collisions,COLLISION
270,neutrino,PARTICLE
270,electron,PARTICLE
270,0.9 TeV,ENERGY
270,ALICE,DETECTOR
270,BaBar,DETECTOR
271,heavy-ion collisions,COLLISION
271,COMPASS experiment,EXPERIMENT
271,MicroBooNE,DETECTOR
271,COMPASS,DETECTOR
271,proton,PARTICLE
271,14 TeV,ENERGY
271,CERN,FACILITY
272,proton-proton collisions,COLLISION
272,Large Hadron Collider,FACILITY
272,CMS experiment,EXPERIMENT
272,strange quark,PARTICLE
272,SND@LHC,DETECTOR
272,900 GeV,ENERGY
272,proton,PARTICLE
272,CMS,DETECTOR
272,LHC,FACILITY
273,ALICE experiment,EXPERIMENT
273,p-Pb collisions,COLLISION
273,J/psi meson,PARTICLE
273,13 TeV,ENERGY
273,ALICE,DETECTOR
273,BaBar,DETECTOR
273,LEP,FACILITY
274,proton-antiproton collisions,COLLISION
274,TOTEM experiment,EXPERIMENT
274,muon neutrino,PARTICLE
274,antiproton,PARTICLE
274,neutrino,PARTICLE
274,6.5 TeV,ENERGY
274,proton,PARTICLE
274,TOTEM,DETECTOR
274,muon,PARTICLE
274,LHCb,DETECTOR
274,LEP,FACILITY
274,LHC,FACILITY
275,SLAC National Accelerator Laboratory,FACILITY
275,D0 experiment,EXPERIMENT
275,pp collisions,COLLISION
275,Higgs boson,PARTICLE
275,8 TeV,ENERGY
275,CDF,DETECTOR
275,D0,DETECTOR
276,SND@LHC experiment,EXPERIMENT
276,Pb-Pb collisions,COLLISION
276,neutralino,PARTICLE
276,SND@LHC,DETECTOR
276,14 TeV,ENERGY
276,NA62,DETECTOR
276,DESY,FACILITY
276,LHC,FACILITY
277,SLAC National Accelerator Laboratory,FACILITY
277,COMPASS experiment,EXPERIMENT
277,ion-ion collisions,COLLISION
277,Lambda baryon,PARTICLE
277,COMPASS,DETECTOR
277,ALICE,DETECTOR
277,7 TeV,ENERGY
278,electron-positron collisions,COLLISION
278,Jefferson Laboratory,FACILITY
278,electron neutrino,PARTICLE
278,CDF experiment,EXPERIMENT
278,neutrino,PARTICLE
278,electron,PARTICLE
278,positron,PARTICLE
278,2.76 TeV,ENERGY
278,KLOE-2,DETECTOR
278,CDF,DETECTOR
279,proton-antiproton collisions,COLLISION
279,FASER experiment,EXPERIMENT
279,J/psi meson,PARTICLE
279,antiproton,PARTICLE
279,Belle II,DETECTOR
279,3.5 TeV,ENERGY
279,proton,PARTICLE
279,FASER,DETECTOR
279,SPS,FACILITY
280,LHCb experiment,EXPERIMENT
280,pp collisions,COLLISION
280,5.02 TeV,ENERGY
280,proton,PARTICLE
280,MoEDAL,DETECTOR
280,LHCb,DETECTOR
280,HERA,FACILITY
280,LHC,FACILITY
281,proton-proton collisions,COLLISION
281,KLOE-2 experiment,EXPERIMENT
281,Tevatron,FACILITY
281,200 GeV,ENERGY
281,proton,PARTICLE
281,photon,PARTICLE
281,MoEDAL,DETECTOR
281,KLOE-2,DETECTOR
282,Brookhaven National Laboratory,FACILITY
282,deep-inelastic scattering,COLLISION
282,NA62 experiment,EXPERIMENT
282,p-Pb collisions,COLLISION
282,B meson,PARTICLE
282,200 GeV,ENERGY
282,NA62,DETECTOR
282,CMS,DETECTOR
282,LHC,FACILITY
283,Brookhaven National Laboratory,FACILITY
283,heavy-ion collisions,COLLISION
283,Au-Au collisions,COLLISION
283,D0 experiment,EXPERIMENT
283,tau lepton,PARTICLE
283,5.02 TeV,ENERGY
283,MoEDAL,DETECTOR
283,D0,DETECTOR
284,ion-ion collisions,COLLISION
284,ALICE experiment,EXPERIMENT
284,neutrino,PARTICLE
284,2.76 TeV,ENERGY
284,ALICE,DETECTOR
284,LHCf,DETECTOR
284,SPS,FACILITY
284,LHC,FACILITY
285,electron-positron collisions,COLLISION
285,NOvA experiment,EXPERIMENT
285,electron,PARTICLE
285,positron,PARTICLE
285,Tevatron,FACILITY
285,200 GeV,ENERGY
285,ALICE,DETECTOR
285,pion,PARTICLE
285,NOvA,DETECTOR
286,electron-positron collisions,COLLISION
286,SND@LHC experiment,EXPERIMENT
286,electron,PARTICLE
286,positron,PARTICLE
286,5.02 TeV,ENERGY
286,SND@LHC,DETECTOR
286,14 TeV,ENERGY
286,KEK,FACILITY
286,LHC,FACILITY
286,D0,DETECTOR
287,ion-ion collisions,COLLISION
287,KLOE-2 experiment,EXPERIMENT
287,W boson,PARTICLE
287,3.5 TeV,ENERGY
287,HERA-B,DETECTOR
287,KLOE-2,DETECTOR
287,CERN,FACILITY
287,HERA,FACILITY
288,proton-proton collisions,COLLISION
288,NA62 experiment,EXPERIMENT
288,strange quark,PARTICLE
288,SuperKEKB,FACILITY
288,proton,PARTICLE
288,MoEDAL,DETECTOR
288,14 TeV,ENERGY
288,NA62,DETECTOR
288,KEK,FACILITY
289,nucleus-nucleus collisions,COLLISION
289,NA62 experiment,EXPERIMENT
289,dark matter,PARTICLE
289,D meson,PARTICLE
289,14 TeV,ENERGY
289,NA62,DETECTOR
289,NOvA,DETECTOR
289,RHIC,FACILITY
290,SND@LHC experiment,EXPERIMENT
290,ion-ion collisions,COLLISION
290,J/psi meson,PARTICLE
290,1.96 TeV,ENERGY
290,SND@LHC,DETECTOR
290,gluon,PARTICLE
290,LHCf,DETECTOR
290,HERA,FACILITY
290,LHC,FACILITY
291,ion-ion collisions,COLLISION
291,T2K experiment,EXPERIMENT
291,Higgs boson,PARTICLE
291,Tevatron,FACILITY
291,10.6 TeV,ENERGY
291,T2K,DETECTOR
292,nucleus-nucleus collisions,COLLISION
292,Large Hadron Collider,FACILITY
292,T2K experiment,EXPERIMENT
292,neutralino,PARTICLE
292,6.5 TeV,ENERGY
292,NOvA,DETECTOR
292,T2K,DETECTOR
293,ATLAS experiment,EXPERIMENT
293,pp collisions,COLLISION
293,bottom quark,PARTICLE
293,13 TeV,ENERGY
293,ATLAS,DETECTOR
293,BaBar,DETECTOR
293,RHIC,FACILITY
294,proton-antiproton collisions,COLLISION
294,MoEDAL experiment,EXPERIMENT
294,muon neutrino,PARTICLE
294,stop squark,PARTICLE
294,antiproton,PARTICLE
294,neutrino,PARTICLE
294,10.6 TeV,ENERGY
294,proton,PARTICLE
294,MoEDAL,DETECTOR
294,BaBar,DETECTOR
294,muon,PARTICLE
294,LHC,FACILITY
295,deep-inelastic scattering,COLLISION
295,LHCb experiment,EXPERIMENT
295,neutralino,PARTICLE
295,1.96 TeV,ENERGY
295,LHCb,DETECTOR
295,SPS,FACILITY
295,LHC,FACILITY
296,ATLAS experiment,EXPERIMENT
296,Pb-Pb collisions,COLLISION
296,top quark,PARTICLE
296,1.96 TeV,ENERGY
296,ATLAS,DETECTOR
296,ALICE,DETECTOR
296,HERA,FACILITY
297,SLAC National Accelerator Laboratory,FACILITY
297,deep-inelastic scattering,COLLISION
297,SND@LHC experiment,EXPERIMENT
297,neutrino,PARTICLE
297,1.96 TeV,ENERGY
297,SND@LHC,DETECTOR
297,BaBar,DETECTOR
297,LHC,FACILITY
298,nucleus-nucleus collisions,COLLISION
298,FASER experiment,EXPERIMENT
298,neutrino,PARTICLE
298,200 GeV,ENERGY
298,FASER,DETECTOR
298,LHCf,DETECTOR
298,SPS,FACILITY
298,LHC,FACILITY
299,Brookhaven National Laboratory,FACILITY
299,TOTEM experiment,EXPERIMENT
299,Xe-Xe collisions,COLLISION
299,Higgs boson,PARTICLE
299,13.6 TeV,ENERGY
299,TOTEM,DETECTOR
299,BaBar,DETECTOR
300,SLAC National Accelerator Laboratory,FACILITY
300,Xe-Xe collisions,COLLISION
300,NA62 experiment,EXPERIMENT
300,13.6 TeV,ENERGY
300,D meson,PARTICLE
300,NA62,DETECTOR
300,CMS,DETECTOR
301,electron-positron collisions,COLLISION
301,LHCf experiment,EXPERIMENT
301,Upsilon meson,PARTICLE
301,electron,PARTICLE
301,positron,PARTICLE
301,6.5 TeV,ENERGY
301,BaBar,DETECTOR
301,LHCf,DETECTOR
301,RHIC,FACILITY
301,LHC,FACILITY
302,FASER experiment,EXPERIMENT
302,p-Pb collisions,COLLISION
302,tau lepton,PARTICLE
302,SND@LHC,DETECTOR
302,200 GeV,ENERGY
302,FASER,DETECTOR
302,DESY,FACILITY
302,LHC,FACILITY
303,Brookhaven National Laboratory,FACILITY
303,KLOE-2 experiment,EXPERIMENT
303,Au-Au collisions,COLLISION
303,charm quark,PARTICLE
303,Belle II,DETECTOR
303,2.76 TeV,ENERGY
303,Z boson,PARTICLE
303,KLOE-2,DETECTOR
304,nucleus-nucleus collisions,COLLISION
304,MoEDAL experiment,EXPERIMENT
304,2.76 TeV,ENERGY
304,MoEDAL,DETECTOR
304,kaon,PARTICLE
304,HERA,FACILITY
304,CDF,DETECTOR
305,Au-Au collisions,COLLISION
305,CDF experiment,EXPERIMENT
305,Xi baryon,PARTICLE
305,Belle II,DETECTOR
305,0.9 TeV,ENERGY
305,RHIC,FACILITY
305,CDF,DETECTOR
306,T2K experiment,EXPERIMENT
306,pp collisions,COLLISION
306,Xi baryon,PARTICLE
306,13 TeV,ENERGY
306,LHCf,DETECTOR
306,T2K,DETECTOR
306,KEK,FACILITY
306,LHC,FACILITY
307,nucleus-nucleus collisions,COLLISION
307,Belle II experiment,EXPERIMENT
307,p-Pb collisions,COLLISION
307,chargino,PARTICLE
307,Belle II,DETECTOR
307,SND@LHC,DETECTOR
307,7 TeV,ENERGY
307,RHIC,FACILITY
307,LHC,FACILITY
308,SLAC National Accelerator Laboratory,FACILITY
308,deep-inelastic scattering,COLLISION
308,NOvA experiment,EXPERIMENT
308,p-Pb collisions,COLLISION
308,Belle II,DETECTOR
308,D meson,PARTICLE
308,6.5 TeV,ENERGY
308,NOvA,DETECTOR
309,electron-positron collisions,COLLISION
309,Jefferson Laboratory,FACILITY
309,LHCb experiment,EXPERIMENT
309,electron,PARTICLE
309,positron,PARTICLE
309,chargino,PARTICLE
309,14 TeV,ENERGY
309,LHCb,DETECTOR
309,CMS,DETECTOR
309,LHC,FACILITY
310,heavy-ion collisions,COLLISION
310,NOvA experiment,EXPERIMENT
310,MicroBooNE,DETECTOR
310,top quark,PARTICLE
310,100 TeV,ENERGY
310,NOvA,DETECTOR
310,HERA,FACILITY
311,p-Pb collisions,COLLISION
311,D0 experiment,EXPERIMENT
311,900 GeV,ENERGY
311,13 TeV,ENERGY
311,pion,PARTICLE
311,LHCb,DETECTOR
311,KEK,FACILITY
311,LHC,FACILITY
311,D0,DETECTOR
312,ion-ion collisions,COLLISION
312,BaBar experiment,EXPERIMENT
312,Lambda baryon,PARTICLE
312,14 TeV,ENERGY
312,BaBar,DETECTOR
312,LEP,FACILITY
312,D0,DETECTOR
313,ion-ion collisions,COLLISION
313,electron neutrino,PARTICLE
313,NOvA experiment,EXPERIMENT
313,neutrino,PARTICLE
313,electron,PARTICLE
313,MoEDAL,DETECTOR
313,8 TeV,ENERGY
313,NOvA,DETECTOR
313,RHIC,FACILITY
314,ion-ion collisions,COLLISION
314,MoEDAL experiment,EXPERIMENT
314,Fermilab,FACILITY
314,MoEDAL,DETECTOR
314,gluon,PARTICLE
314,ALICE,DETECTOR
314,8 TeV,ENERGY
314,kaon,PARTICLE
315,proton-antiproton collisions,COLLISION
315,TOTEM experiment,EXPERIMENT
315,strange quark,PARTICLE
315,bottom quark,PARTICLE
315,antiproton,PARTICLE
315,5.02 TeV,ENERGY
315,proton,PARTICLE
315,TOTEM,DETECTOR
315,BaBar,DETECTOR
315,LEP,FACILITY
316,LHCb experiment,EXPERIMENT
316,pp collisions,COLLISION
316,positron,PARTICLE
316,COMPASS,DETECTOR
316,900 GeV,ENERGY
316,LHCb,DETECTOR
316,HERA,FACILITY
316,LHC,FACILITY
317,Jefferson Laboratory,FACILITY
317,BaBar experiment,EXPERIMENT
317,pp collisions,COLLISION
317,Xi baryon,PARTICLE
317,5.02 TeV,ENERGY
317,ALICE,DETECTOR
317,BaBar,DETECTOR
318,COMPASS experiment,EXPERIMENT
318,Au-Au collisions,COLLISION
318,Omega baryon,PARTICLE
318,COMPASS,DETECTOR
318,8 TeV,ENERGY
318,CERN,FACILITY
318,CMS,DETECTOR
319,deep-inelastic scattering,COLLISION
319,NOvA experiment,EXPERIMENT
319,100 TeV,ENERGY
319,proton,PARTICLE
319,BaBar,DETECTOR
319,kaon,PARTICLE
319,NOvA,DETECTOR
319,HERA,FACILITY
320,Large Hadron Collider,FACILITY
320,heavy-ion collisions,COLLISION
320,LHCb experiment,EXPERIMENT
320,14 TeV,ENERGY
320,gluon,PARTICLE
320,FASER,DETECTOR
320,LHCb,DETECTOR
320,LHC,FACILITY
321,BaBar experiment,EXPERIMENT
321,Pb-Pb collisions,COLLISION
321,Fermilab,FACILITY
321,MoEDAL,DETECTOR
321,BaBar,DETECTOR
321,7 TeV,ENERGY
321,muon,PARTICLE
322,Large Hadron Collider,FACILITY
322,p-Pb collisions,COLLISION
322,CDF experiment,EXPERIMENT
322,Omega baryon,PARTICLE
322,900 GeV,ENERGY
322,ATLAS,DETECTOR
322,CDF,DETECTOR
323,MicroBooNE experiment,EXPERIMENT
323,heavy-ion collisions,COLLISION
323,Higgs boson,PARTICLE
323,MicroBooNE,DETECTOR
323,6.5 TeV,ENERGY
323,TOTEM,DETECTOR
323,DESY,FACILITY
324,COMPASS experiment,EXPERIMENT
324,Pb-Pb collisions,COLLISION
324,neutrino,PARTICLE
324,10.6 TeV,ENERGY
324,SND@LHC,DETECTOR
324,COMPASS,DETECTOR
324,SPS,FACILITY
324,LHC,FACILITY
325,electron-positron collisions,COLLISION
325,ATLAS experiment,EXPERIMENT
325,electron,PARTICLE
325,positron,PARTICLE
325,10.6 TeV,ENERGY
325,W boson,PARTICLE
325,HERA-B,DETECTOR
325,ATLAS,DETECTOR
325,HERA,FACILITY
325,KEK,FACILITY
326,electron-positron collisions,COLLISION
326,TOTEM experiment,EXPERIMENT
326,strange quark,PARTICLE
326,electron,PARTICLE
326,positron,PARTICLE
326,Belle II,DETECTOR
326,14 TeV,ENERGY
326,TOTEM,DETECTOR
326,LHC,FACILITY
327,Brookhaven National Laboratory,FACILITY
327,LHCb experiment,EXPERIMENT
327,p-Pb collisions,COLLISION
327,antiproton,PARTICLE
327,200 GeV,ENERGY
327,proton,PARTICLE
327,KLOE-2,DETECTOR
327,LHCb,DETECTOR
327,LHC,FACILITY
328,Brookhaven National Laboratory,FACILITY
328,KLOE-2 experiment,EXPERIMENT
328,pp collisions,COLLISION
328,tau neutrino,PARTICLE
328,neutrino,PARTICLE
328,100 TeV,ENERGY
328,proton,PARTICLE
328,KLOE-2,DETECTOR
329,BaBar experiment,EXPERIMENT
329,pp collisions,COLLISION
329,2.76 TeV,ENERGY
329,COMPASS,DETECTOR
329,BaBar,DETECTOR
329,pion,PARTICLE
329,HERA,FACILITY
330,LHCf experiment,EXPERIMENT
330,pp collisions,COLLISION
330,chargino,PARTICLE
330,Tevatron,FACILITY
330,14 TeV,ENERGY
330,NA62,DETECTOR
330,LHCf,DETECTOR
330,LHC,FACILITY
331,Large Hadron Collider,FACILITY
331,heavy-ion collisions,COLLISION
331,CMS experiment,EXPERIMENT
331,900 GeV,ENERGY
331,gluon,PARTICLE
331,NA62,DETECTOR
331,CMS,DETECTOR
332,electron-positron collisions,COLLISION
332,Jefferson Laboratory,FACILITY
332,heavy-ion collisions,COLLISION
332,CMS experiment,EXPERIMENT
332,Higgs boson,PARTICLE
332,electron,PARTICLE
332,positron,PARTICLE
332,10.6 TeV,ENERGY
332,KLOE-2,DETECTOR
332,CMS,DETECTOR
332,LHC,FACILITY
333,heavy-ion collisions,COLLISION
333,COMPASS experiment,EXPERIMENT
333,pp collisions,COLLISION
333,COMPASS,DETECTOR
333,photon,PARTICLE
333,TOTEM,DETECTOR
333,7 TeV,ENERGY
333,DESY,FACILITY
334,heavy-ion collisions,COLLISION
334,NA62 experiment,EXPERIMENT
334,J/psi meson,PARTICLE
334,Tevatron,FACILITY
334,14 TeV,ENERGY
334,BaBar,DETECTOR
334,NA62,DETECTOR
335,nucleus-nucleus collisions,COLLISION
335,CDF experiment,EXPERIMENT
335,J/psi meson,PARTICLE
335,Belle II,DETECTOR
335,5.02 TeV,ENERGY
335,DESY,FACILITY
335,CDF,DETECTOR
336,Brookhaven National Laboratory,FACILITY
336,proton-antiproton collisions,COLLISION
336,ATLAS experiment,EXPERIMENT
336,charm quark,PARTICLE
336,antiproton,PARTICLE
336,2.76 TeV,ENERGY
336,proton,PARTICLE
336,13 TeV,ENERGY
336,ATLAS,DETECTOR
336,TOTEM,DETECTOR
337,Brookhaven National Laboratory,FACILITY
337,proton-antiproton collisions,COLLISION
337,LHCb experiment,EXPERIMENT
337,charm quark,PARTICLE
337,antiproton,PARTICLE
337,2.76 TeV,ENERGY
337,proton,PARTICLE
337,LHCb,DETECTOR
337,NOvA,DETECTOR
337,LHC,FACILITY
338,electron neutrino,PARTICLE
338,KLOE-2 experiment,EXPERIMENT
338,Au-Au collisions,COLLISION
338,neutrino,PARTICLE
338,electron,PARTICLE
338,KLOE-2,DETECTOR
338,14 TeV,ENERGY
338,HERA,FACILITY
339,electron neutrino,PARTICLE
339,FASER experiment,EXPERIMENT
339,Xe-Xe collisions,COLLISION
339,J/psi meson,PARTICLE
339,neutrino,PARTICLE
339,electron,PARTICLE
339,0.9 TeV,ENERGY
339,FASER,DETECTOR
339,LHCb,DETECTOR
339,SPS,FACILITY
339,LHC,FACILITY
340,nucleus-nucleus collisions,COLLISION
340,MicroBooNE experiment,EXPERIMENT
340,MicroBooNE,DETECTOR
340,neutrino,PARTICLE
340,B meson,PARTICLE
340,200 GeV,ENERGY
340,T2K,DETECTOR
340,LHC,FACILITY
341,heavy-ion collisions,COLLISION
341,SND@LHC experiment,EXPERIMENT
341,MicroBooNE,DETECTOR
341,1.96 TeV,ENERGY
341,SND@LHC,DETECTOR
341,pion,PARTICLE
341,DESY,FACILITY
341,LHC,FACILITY
342,electron-positron collisions,COLLISION
342,T2K experiment,EXPERIMENT
342,electron,PARTICLE
342,positron,PARTICLE
342,MoEDAL,DETECTOR
342,7 TeV,ENERGY
342,kaon,PARTICLE
342,T2K,DETECTOR
342,LHC,FACILITY
343,ATLAS experiment,EXPERIMENT
343,Pb-Pb collisions,COLLISION
343,muon neutrino,PARTICLE
343,neutrino,PARTICLE
343,2.76 TeV,ENERGY
343,ATLAS,DETECTOR
343,muon,PARTICLE
343,T2K,DETECTOR
343,LHC,FACILITY
344,nucleus-nucleus collisions,COLLISION
344,BaBar experiment,EXPERIMENT
344,Omega baryon,PARTICLE
344,0.9 TeV,ENERGY
344,BaBar,DETECTOR
344,kaon,PARTICLE
344,HERA,FACILITY
344,CDF,DETECTOR
345,Jefferson Laboratory,FACILITY
345,Belle II experiment,EXPERIMENT
345,pp collisions,COLLISION
345,MicroBooNE,DETECTOR
345,Belle II,DETECTOR
345,200 GeV,ENERGY
345,photon,PARTICLE
346,proton-proton collisions,COLLISION
346,ATLAS experiment,EXPERIMENT
346,positron,PARTICLE
346,900 GeV,ENERGY
346,proton,PARTICLE
346,ATLAS,DETECTOR
346,ALICE,DETECTOR
346,DESY,FACILITY
347,Large Hadron Collider,FACILITY
347,COMPASS experiment,EXPERIMENT
347,p-Pb collisions,COLLISION
347,antiproton,PARTICLE
347,COMPASS,DETECTOR
347,900 GeV,ENERGY
347,proton,PARTICLE
347,T2K,DETECTOR
348,Xe-Xe collisions,COLLISION
348,D0 experiment,EXPERIMENT
348,Omega baryon,PARTICLE
348,100 TeV,ENERGY
348,CERN,FACILITY
348,D0,DETECTOR
349,proton-antiproton collisions,COLLISION
349,NOvA experiment,EXPERIMENT
349,dark matter,PARTICLE
349,antiproton,PARTICLE
349,MicroBooNE,DETECTOR
349,Fermilab,FACILITY
349,5.02 TeV,ENERGY
349,proton,PARTICLE
349,NOvA,DETECTOR
350,nucleus-nucleus collisions,COLLISION
350,LHCb experiment,EXPERIMENT
350,Tevatron,FACILITY
350,2.76 TeV,ENERGY
350,COMPASS,DETECTOR
350,photon,PARTICLE
350,LHCb,DETECTOR
350,LHC,FACILITY
351,Large Hadron Collider,FACILITY
351,COMPASS experiment,EXPERIMENT
351,pp collisions,COLLISION
351,W boson,PARTICLE
351,SND@LHC,DETECTOR
351,COMPASS,DETECTOR
351,100 TeV,ENERGY
351,LHC,FACILITY
352,Large Hadron Collider,FACILITY
352,Pb-Pb collisions,COLLISION
352,LHCb experiment,EXPERIMENT
352,positron,PARTICLE
352,14 TeV,ENERGY
352,LHCb,DETECTOR
352,NA62,DETECTOR
352,LHC,FACILITY
353,Jefferson Laboratory,FACILITY
353,Pb-Pb collisions,COLLISION
353,D0 experiment,EXPERIMENT
353,Xi baryon,PARTICLE
353,200 GeV,ENERGY
353,proton,PARTICLE
353,T2K,DETECTOR
353,D0,DETECTOR
354,Brookhaven National Laboratory,FACILITY
354,electron-positron collisions,COLLISION
354,T2K experiment,EXPERIMENT
354,electron,PARTICLE
354,positron,PARTICLE
354,gluon,PARTICLE
354,7 TeV,ENERGY
354,T2K,DETECTOR
354,D0,DETECTOR
355,nucleus-nucleus collisions,COLLISION
355,KLOE-2 experiment,EXPERIMENT
355,chargino,PARTICLE
355,SND@LHC,DETECTOR
355,200 GeV,ENERGY
355,KLOE-2,DETECTOR
355,DESY,FACILITY
355,LHC,FACILITY
356,Brookhaven National Laboratory,FACILITY
356,CMS experiment,EXPERIMENT
356,pp collisions,COLLISION
356,chargino,PARTICLE
356,6.5 TeV,ENERGY
356,ATLAS,DETECTOR
356,CMS,DETECTOR
357,heavy-ion collisions,COLLISION
357,SND@LHC experiment,EXPERIMENT
357,Au-Au collisions,COLLISION
357,strange quark,PARTICLE
357,SND@LHC,DETECTOR
357,COMPASS,DETECTOR
357,3.5 TeV,ENERGY
357,SPS,FACILITY
357,LHC,FACILITY
358,proton-antiproton collisions,COLLISION
358,Au-Au collisions,COLLISION
358,NA62 experiment,EXPERIMENT
358,antiproton,PARTICLE
358,SND@LHC,DETECTOR
358,proton,PARTICLE
358,gluon,PARTICLE
358,7 TeV,ENERGY
358,NA62,DETECTOR
358,SPS,FACILITY
358,LHC,FACILITY
359,Xe-Xe collisions,COLLISION
359,NOvA experiment,EXPERIMENT
359,W boson,PARTICLE
359,200 GeV,ENERGY
359,NOvA,DETECTOR
359,CERN,FACILITY
359,D0,DETECTOR
360,SLAC National Accelerator Laboratory,FACILITY
360,ALICE experiment,EXPERIMENT
360,Pb-Pb collisions,COLLISION
360,5.02 TeV,ENERGY
360,Z boson,PARTICLE
360,COMPASS,DETECTOR
360,ALICE,DETECTOR
361,Xe-Xe collisions,COLLISION
361,LHCf experiment,EXPERIMENT
361,Lambda baryon,PARTICLE
361,900 GeV,ENERGY
361,7 TeV,ENERGY
361,LHCf,DETECTOR
361,RHIC,FACILITY
361,T2K,DETECTOR
361,LHC,FACILITY
362,Pb-Pb collisions,COLLISION
362,D0 experiment,EXPERIMENT
362,neutrino,PARTICLE
362,3.5 TeV,ENERGY
362,ATLAS,DETECTOR
362,LEP,FACILITY
362,D0,DETECTOR
363,Au-Au collisions,COLLISION
363,CMS experiment,EXPERIMENT
363,Z boson,PARTICLE
363,100 TeV,ENERGY
363,NOvA,DETECTOR
363,CMS,DETECTOR
363,KEK,FACILITY
364,deep-inelastic scattering,COLLISION
364,CDF experiment,EXPERIMENT
364,bottom quark,PARTICLE
364,tau lepton,PARTICLE
364,Tevatron,FACILITY
364,3.5 TeV,ENERGY
364,MoEDAL,DETECTOR
364,CDF,DETECTOR
365,Au-Au collisions,COLLISION
365,LHCb experiment,EXPERIMENT
365,neutralino,PARTICLE
365,chargino,PARTICLE
365,200 GeV,ENERGY
365,LHCb,DETECTOR
365,NOvA,DETECTOR
365,RHIC,FACILITY
365,LHC,FACILITY
366,Xe-Xe collisions,COLLISION
366,CDF experiment,EXPERIMENT
366,D meson,PARTICLE
366,13 TeV,ENERGY
366,NA62,DETECTOR
366,CDF,DETECTOR
366,LHC,FACILITY
367,proton-proton collisions,COLLISION
367,electron neutrino,PARTICLE
367,NOvA experiment,EXPERIMENT
367,neutrino,PARTICLE
367,electron,PARTICLE
367,SND@LHC,DETECTOR
367,proton,PARTICLE
367,7 TeV,ENERGY
367,NOvA,DETECTOR
367,KEK,FACILITY
367,LHC,FACILITY
368,Jefferson Laboratory,FACILITY
368,ion-ion collisions,COLLISION
368,LHCb experiment,EXPERIMENT
368,strange quark,PARTICLE
368,MicroBooNE,DETECTOR
368,900 GeV,ENERGY
368,LHCb,DETECTOR
368,LHC,FACILITY
369,nucleus-nucleus collisions,COLLISION
369,D0 experiment,EXPERIMENT
369,bottom quark,PARTICLE
369,10.6 TeV,ENERGY
369,SND@LHC,DETECTOR
369,muon,PARTICLE
369,LHC,FACILITY
369,D0,DETECTOR
370,SLAC National Accelerator Laboratory,FACILITY
370,proton-antiproton collisions,COLLISION
370,CDF experiment,EXPERIMENT
370,bottom quark,PARTICLE
370,antiproton,PARTICLE
370,100 TeV,ENERGY
370,proton,PARTICLE
370,ATLAS,DETECTOR
370,CDF,DETECTOR
371,proton-proton collisions,COLLISION
371,Jefferson Laboratory,FACILITY
371,MoEDAL experiment,EXPERIMENT
371,stop squark,PARTICLE
371,6.5 TeV,ENERGY
371,proton,PARTICLE
371,MoEDAL,DETECTOR
371,ALICE,DETECTOR
372,SND@LHC experiment,EXPERIMENT
372,electron neutrino,PARTICLE
372,Pb-Pb collisions,COLLISION
372,neutrino,PARTICLE
372,electron,PARTICLE
372,SND@LHC,DETECTOR
372,6.5 TeV,ENERGY
372,LHCb,DETECTOR
372,LEP,FACILITY
372,LHC,FACILITY
373,Large Hadron Collider,FACILITY
373,SND@LHC experiment,EXPERIMENT
373,Au-Au collisions,COLLISION
373,dark matter,PARTICLE
373,SND@LHC,DETECTOR
373,0.9 TeV,ENERGY
373,ATLAS,DETECTOR
373,LHC,FACILITY
374,Large Hadron Collider,FACILITY
374,Au-Au collisions,COLLISION
374,LHCb experiment,EXPERIMENT
374,positron,PARTICLE
374,10.6 TeV,ENERGY
374,SND@LHC,DETECTOR
374,LHCb,DETECTOR
374,LHC,FACILITY
375,FASER experiment,EXPERIMENT
375,Pb-Pb collisions,COLLISION
375,W boson,PARTICLE
375,100 TeV,ENERGY
375,FASER,DETECTOR
375,RHIC,FACILITY
376,TOTEM experiment,EXPERIMENT
376,Xe-Xe collisions,COLLISION
376,antiproton,PARTICLE
376,1.96 TeV,ENERGY
376,proton,PARTICLE
376,TOTEM,DETECTOR
376,BaBar,DETECTOR
376,CERN,FACILITY
377,Large Hadron Collider,FACILITY
377,TOTEM experiment,EXPERIMENT
377,Au-Au collisions,COLLISION
377,charm quark,PARTICLE
377,COMPASS,DETECTOR
377,TOTEM,DETECTOR
377,8 TeV,ENERGY
378,Jefferson Laboratory,FACILITY
378,ALICE experiment,EXPERIMENT
378,Au-Au collisions,COLLISION
378,Lambda baryon,PARTICLE
378,Z boson,PARTICLE
378,13 TeV,ENERGY
378,ALICE,DETECTOR
379,proton-antiproton collisions,COLLISION
379,CDF experiment,EXPERIMENT
379,antiproton,PARTICLE
379,electron,PARTICLE
379,Tevatron,FACILITY
379,COMPASS,DETECTOR
379,200 GeV,ENERGY
379,proton,PARTICLE
379,CDF,DETECTOR
380,CDF experiment,EXPERIMENT
380,pp collisions,COLLISION
380,J/psi meson,PARTICLE
380,100 TeV,ENERGY
380,HERA-B,DETECTOR
380,RHIC,FACILITY
380,HERA,FACILITY
380,CDF,DETECTOR
381,Au-Au collisions,COLLISION
381,CDF experiment,EXPERIMENT
381,antiproton,PARTICLE
381,proton,PARTICLE
381,14 TeV,ENERGY
381,FASER,DETECTOR
381,DESY,FACILITY
381,CDF,DETECTOR
382,BaBar experiment,EXPERIMENT
382,Pb-Pb collisions,COLLISION
382,pp collisions,COLLISION
382,Higgs boson,PARTICLE
382,Tevatron,FACILITY
382,10.6 TeV,ENERGY
382,BaBar,DETECTOR
382,CDF,DETECTOR
382,LHC,FACILITY
383,proton-proton collisions,COLLISION
383,heavy-ion collisions,COLLISION
383,SND@LHC experiment,EXPERIMENT
383,neutralino,PARTICLE
383,13.6 TeV,ENERGY
383,SND@LHC,DETECTOR
383,proton,PARTICLE
383,DESY,FACILITY
383,T2K,DETECTOR
383,LHC,FACILITY
384,Brookhaven National Laboratory,FACILITY
384,proton-antiproton collisions,COLLISION
384,ATLAS experiment,EXPERIMENT
384,bottom quark,PARTICLE
384,antiproton,PARTICLE
384,3.5 TeV,ENERGY
384,proton,PARTICLE
384,HERA-B,DETECTOR
384,ATLAS,DETECTOR
384,HERA,FACILITY
385,Xe-Xe collisions,COLLISION
385,D0 experiment,EXPERIMENT
385,chargino,PARTICLE
385,Tevatron,FACILITY
385,14 TeV,ENERGY
385,NA62,DETECTOR
385,D0,DETECTOR
386,deep-inelastic scattering,COLLISION
386,T2K experiment,EXPERIMENT
386,Lambda baryon,PARTICLE
386,Fermilab,FACILITY
386,1.96 TeV,ENERGY
386,13.6 TeV,ENERGY
386,T2K,DETECTOR
387,SLAC National Accelerator Laboratory,FACILITY
387,deep-inelastic scattering,COLLISION
387,KLOE-2 experiment,EXPERIMENT
387,Omega baryon,PARTICLE
387,5.02 TeV,ENERGY
387,KLOE-2,DETECTOR
387,LHCf,DETECTOR
387,LHC,FACILITY
388,Belle II experiment,EXPERIMENT
388,Pb-Pb collisions,COLLISION
388,Belle II,DETECTOR
388,100 TeV,ENERGY
388,proton,PARTICLE
388,LHCf,DETECTOR
388,HERA,FACILITY
388,LHC,FACILITY
389,Jefferson Laboratory,FACILITY
389,LHCf experiment,EXPERIMENT
389,p-Pb collisions,COLLISION
389,top quark,PARTICLE
389,positron,PARTICLE
389,200 GeV,ENERGY
389,LHCf,DETECTOR
389,CMS,DETECTOR
389,LHC,FACILITY
390,nucleus-nucleus collisions,COLLISION
390,CMS experiment,EXPERIMENT
390,muon neutrino,PARTICLE
390,neutrino,PARTICLE
390,KLOE-2,DETECTOR
390,14 TeV,ENERGY
390,muon,PARTICLE
390,pion,PARTICLE
390,CMS,DETECTOR
390,LEP,FACILITY
391,SLAC National Accelerator Laboratory,FACILITY
391,nucleus-nucleus collisions,COLLISION
391,Belle II experiment,EXPERIMENT
391,charm quark,PARTICLE
391,Belle II,DETECTOR
391,MoEDAL,DETECTOR
391,8 TeV,ENERGY
392,deep-inelastic scattering,COLLISION
392,SND@LHC experiment,EXPERIMENT
392,Fermilab,FACILITY
392,5.02 TeV,ENERGY
392,SND@LHC,DETECTOR
392,KLOE-2,DETECTOR
392,pion,PARTICLE
392,LHC,FACILITY
393,Brookhaven National Laboratory,FACILITY
393,proton-proton collisions,COLLISION
393,NA62 experiment,EXPERIMENT
393,neutralino,PARTICLE
393,10.6 TeV,ENERGY
393,proton,PARTICLE
393,MoEDAL,DETECTOR
393,NA62,DETECTOR
394,proton-antiproton collisions,COLLISION
394,T2K experiment,EXPERIMENT
394,antiproton,PARTICLE
394,chargino,PARTICLE
394,proton,PARTICLE
394,14 TeV,ENERGY
394,kaon,PARTICLE
394,LHCf,DETECTOR
394,HERA,FACILITY
394,T2K,DETECTOR
394,LHC,FACILITY
395,SLAC National Accelerator Laboratory,FACILITY
395,Belle II experiment,EXPERIMENT
395,Xe-Xe collisions,COLLISION
395,neutralino,PARTICLE
395,Belle II,DETECTOR
395,13.6 TeV,ENERGY
395,SND@LHC,DETECTOR
395,LHC,FACILITY
396,ion-ion collisions,COLLISION
396,NA62 experiment,EXPERIMENT
396,dark matter,PARTICLE
396,Tevatron,FACILITY
396,SND@LHC,DETECTOR
396,100 TeV,ENERGY
396,NA62,DETECTOR
396,LHC,FACILITY
397,proton-antiproton collisions,COLLISION
397,ATLAS experiment,EXPERIMENT
397,tau neutrino,PARTICLE
397,antiproton,PARTICLE
397,neutrino,PARTICLE
397,5.02 TeV,ENERGY
397,proton,PARTICLE
397,ATLAS,DETECTOR
397,RHIC,FACILITY
398,SLAC National Accelerator Laboratory,FACILITY
398,heavy-ion collisions,COLLISION
398,BaBar experiment,EXPERIMENT
398,Z boson,PARTICLE
398,100 TeV,ENERGY
398,BaBar,DETECTOR
398,D0,DETECTOR
399,heavy-ion collisions,COLLISION
399,NOvA experiment,EXPERIMENT
399,top quark,PARTICLE
399,8 TeV,ENERGY
399,NOvA,DETECTOR
399,LHC,FACILITY
399,D0,DETECTOR
400,Large Hadron Collider,FACILITY
400,Pb-Pb collisions,COLLISION
400,LHCb experiment,EXPERIMENT
400,J/psi meson,PARTICLE
400,10.6 TeV,ENERGY
400,KLOE-2,DETECTOR
400,LHCb,DETECTOR
400,LHC,FACILITY